frame,fps,latency_ms,cpu_percent,raw_messages,context_messages,decision_messages,priority_scores,priority_levels,final_messages
0,0.73,140.17,18.9,1,1,1,0.724,HIGH,Person very close ahead
1,11.81,83.93,58.8,1,0,0,,,
2,11.81,83.99,60.0,1,0,0,,,
3,11.83,83.83,60.6,2,1,0,,,
4,11.76,84.29,61.1,2,0,0,,,
5,11.78,84.18,53.3,2,0,0,,,
6,11.83,83.82,60.6,2,0,0,,,
7,11.84,83.74,63.2,2,0,0,,,
8,11.85,83.65,61.8,2,0,0,,,
9,11.75,84.34,61.1,2,0,0,,,
10,11.38,87.2,61.1,1,0,0,,,
11,11.92,83.23,56.2,2,1,1,0.631,MEDIUM,Person very close on your right
12,11.75,84.41,60.0,2,0,0,,,
13,11.91,83.3,63.9,2,0,0,,,
14,11.87,83.53,61.1,3,1,1,0.651,MEDIUM,Person very close on your left
15,11.84,83.76,60.0,3,0,0,,,
16,11.86,83.64,59.4,3,0,0,,,
17,11.89,83.45,57.6,2,0,0,,,
18,11.89,83.44,58.1,2,0,0,,,
19,11.8,84.07,60.0,2,0,0,,,
20,11.56,85.81,58.8,2,0,0,,,
21,11.87,83.57,53.3,3,2,1,0.747,HIGH,Person very close ahead
22,11.76,84.31,61.8,4,2,1,0.749,HIGH,Person very close on your left
23,11.85,83.68,61.1,3,0,0,,,
24,11.73,84.52,58.8,3,0,0,,,
25,11.87,83.58,58.1,2,0,0,,,
26,11.88,83.44,57.6,3,1,1,0.758,HIGH,Person very close ahead
27,11.93,83.12,56.2,3,1,1,0.749,HIGH,Person very close on your left
28,11.87,83.54,58.1,3,0,0,,,
29,11.91,83.25,58.8,4,2,1,0.753,HIGH,Person very close ahead
30,11.9,83.36,61.8,4,0,0,,,
31,11.91,83.31,58.8,4,0,0,,,
32,11.69,84.83,61.1,5,1,0,,,
33,11.8,84.03,59.4,6,1,0,,,
34,11.81,83.98,62.2,5,0,0,,,
35,11.86,83.64,61.1,5,0,0,,,
36,11.88,83.44,61.8,5,0,0,,,
37,11.87,83.55,60.0,5,0,0,,,
38,11.89,83.42,55.2,5,0,0,,,
39,11.85,83.67,57.6,5,0,0,,,
40,11.84,83.79,58.8,6,0,0,,,
41,11.83,83.88,58.8,6,0,0,,,
42,11.8,84.08,63.9,5,0,0,,,
43,11.94,83.04,58.8,5,0,0,,,
44,11.54,85.97,57.6,5,0,0,,,
45,11.9,83.34,57.6,5,0,0,,,
46,11.87,83.55,62.9,5,0,0,,,
47,11.86,83.62,61.1,5,0,0,,,
48,11.88,83.47,57.6,5,0,0,,,
49,11.86,83.61,59.4,5,0,0,,,
50,11.94,83.03,56.3,5,0,0,,,
51,11.73,84.56,57.6,5,0,0,,,
52,11.23,88.35,62.2,6,0,0,,,
53,11.35,87.39,60.0,6,0,0,,,
54,11.74,84.48,60.0,6,0,0,,,
55,11.73,84.53,54.8,6,0,0,,,
56,11.64,85.19,58.8,6,0,0,,,
57,11.07,89.63,67.6,5,0,0,,,
58,11.75,84.38,58.8,6,0,0,,,
59,11.75,84.47,57.6,5,1,1,0.799,HIGH,Person very close ahead
60,11.75,84.43,60.6,5,0,0,,,
61,11.74,84.53,61.1,6,0,0,,,
62,11.85,83.68,56.2,5,0,0,,,
63,11.68,84.89,58.8,5,0,0,,,
64,11.68,84.96,59.4,5,0,0,,,
65,11.63,85.27,53.3,5,0,0,,,
66,11.69,84.8,57.6,6,0,0,,,
67,11.53,86.02,56.2,5,0,0,,,
68,11.47,86.46,57.6,5,0,0,,,
69,11.5,86.15,61.1,6,0,0,,,
70,11.65,85.08,63.9,6,2,1,0.735,HIGH,Person very close on your right
71,11.7,84.74,56.2,6,0,0,,,
72,11.69,84.85,62.2,6,0,0,,,
73,11.69,84.84,54.8,5,0,0,,,
74,11.69,84.8,60.0,5,0,0,,,
75,11.63,85.22,59.4,6,0,0,,,
76,11.8,84.01,53.3,6,0,0,,,
77,11.7,84.76,61.1,4,0,0,,,
78,11.75,84.35,58.1,3,0,0,,,
79,11.62,85.35,60.0,3,0,0,,,
80,11.78,84.13,57.6,3,0,0,,,
81,11.81,84.01,56.2,3,0,0,,,
82,11.81,84.0,59.4,4,0,0,,,
83,11.81,83.92,61.1,4,1,0,,,
84,11.81,83.94,56.2,4,0,0,,,
85,11.81,83.98,58.1,3,0,0,,,
86,11.81,83.96,58.8,3,0,0,,,
87,11.79,84.12,62.2,2,0,0,,,
88,11.85,83.62,59.4,2,1,0,,,
89,11.76,84.28,56.2,1,0,0,,,
90,11.74,84.41,57.6,1,0,0,,,
91,11.72,84.64,62.9,2,1,1,0.582,MEDIUM,Person very close on your left
92,11.8,84.05,56.2,1,0,0,,,
93,11.84,83.75,60.6,1,0,0,,,
94,11.78,84.17,61.1,1,0,0,,,
95,11.88,83.45,60.0,1,0,0,,,
96,11.78,84.17,61.8,1,0,0,,,
97,11.83,83.82,56.3,1,0,0,,,
98,11.75,84.39,60.0,1,0,0,,,
99,11.82,83.88,64.9,1,0,0,,,
100,11.77,84.22,58.8,1,0,0,,,
101,11.84,83.75,56.3,1,0,0,,,
102,11.58,85.59,63.9,1,0,0,,,
103,11.64,85.11,58.8,1,0,0,,,
104,11.66,85.07,62.2,1,0,0,,,
105,11.76,84.32,58.8,1,1,1,0.741,HIGH,Person very close on your left
106,11.72,84.64,60.6,0,0,0,,,
107,11.76,84.31,57.6,0,0,0,,,
108,11.66,85.06,58.8,1,0,0,,,
109,11.78,84.15,63.9,0,0,0,,,
110,11.0,90.17,58.3,1,0,0,,,
111,11.7,84.77,59.4,1,0,0,,,
112,11.76,84.32,57.6,1,0,0,,,
113,11.62,85.31,62.2,1,0,0,,,
114,11.57,85.73,60.0,1,0,0,,,
115,11.0,90.21,67.6,1,0,0,,,
116,11.69,84.79,60.0,1,0,0,,,
117,11.74,84.44,59.4,1,0,0,,,
118,11.76,84.31,54.8,1,0,0,,,
119,11.75,84.4,61.1,1,0,0,,,
120,11.77,84.25,59.4,1,0,0,,,
121,11.75,84.35,58.8,1,0,0,,,
122,11.65,85.08,61.1,1,0,0,,,
123,11.73,84.51,59.4,1,0,0,,,
124,11.69,84.78,60.0,1,0,0,,,
125,11.7,84.72,60.0,1,0,0,,,
126,11.48,86.4,62.2,2,1,0,,,
127,11.6,85.49,60.6,2,0,0,,,
128,11.66,85.0,60.0,1,0,0,,,
129,11.7,84.74,57.6,2,0,0,,,
130,11.72,84.62,64.9,2,0,0,,,
131,11.73,84.55,56.2,2,0,0,,,
132,11.75,84.41,63.2,2,0,0,,,
133,11.68,84.9,61.8,2,0,0,,,
134,11.71,84.64,58.8,3,1,0,,,
135,11.76,84.32,62.2,3,0,0,,,
136,11.69,84.78,61.8,3,0,0,,,
137,11.52,86.04,62.2,3,0,0,,,
138,11.59,85.53,57.6,3,0,0,,,
139,11.83,83.83,58.8,3,0,0,,,
140,11.81,83.96,57.6,3,0,0,,,
141,11.79,84.08,60.6,3,0,0,,,
142,11.7,84.74,58.8,3,0,0,,,
143,11.85,83.69,60.0,3,0,0,,,
144,11.76,84.27,60.6,3,0,0,,,
145,11.68,84.93,54.5,3,0,0,,,
146,11.77,84.24,58.8,3,0,0,,,
147,11.79,84.06,58.1,3,0,0,,,
148,11.7,84.71,54.8,3,0,0,,,
149,11.62,85.34,58.8,3,0,0,,,
150,11.77,84.22,57.6,3,0,0,,,
151,11.75,84.4,64.9,2,0,0,,,
152,11.77,84.2,57.6,2,0,0,,,
153,11.78,84.19,56.3,2,0,0,,,
154,11.61,85.37,61.1,3,0,0,,,
155,11.66,85.02,58.1,3,0,0,,,
156,11.71,84.65,62.2,1,0,0,,,
157,11.66,85.02,58.8,3,0,0,,,
158,11.74,84.41,60.0,3,0,0,,,
159,11.62,85.36,58.8,3,0,0,,,
160,11.73,84.54,61.8,3,0,0,,,
161,11.44,86.73,54.8,3,0,0,,,
162,11.65,85.16,60.0,3,0,0,,,
163,11.68,84.92,56.3,3,0,0,,,
164,11.72,84.61,62.2,3,1,1,0.649,MEDIUM,Person very close on your left
165,11.72,84.53,58.1,2,0,0,,,
166,11.79,84.04,58.8,2,0,0,,,
167,11.73,84.53,57.6,2,0,0,,,
168,11.7,84.72,59.4,2,0,0,,,
169,11.69,84.79,61.1,2,0,0,,,
170,11.76,84.32,58.8,2,0,0,,,
171,11.66,85.01,54.8,1,0,0,,,
172,11.62,85.31,59.4,1,0,0,,,
173,11.19,88.64,66.7,1,0,0,,,
174,11.72,84.58,58.8,1,0,0,,,
175,11.76,84.28,57.6,1,0,0,,,
176,11.69,84.8,60.0,1,1,1,0.756,HIGH,Person very close ahead
177,11.8,84.01,59.4,2,1,1,0.576,MEDIUM,Person very close on your left
178,11.66,85.05,58.8,3,0,0,,,
179,11.74,84.46,62.2,2,0,0,,,
180,11.66,85.05,57.6,2,0,0,,,
181,11.74,84.45,62.9,4,1,0,,,
182,11.68,84.86,58.8,4,0,0,,,
183,11.75,84.39,57.6,4,0,0,,,
184,11.45,86.6,63.2,5,1,0,,,
185,11.55,85.87,61.8,4,1,1,0.464,MEDIUM,Person on your right
186,11.76,84.27,56.2,4,0,0,,,
187,11.59,85.52,61.1,4,0,0,,,
188,11.73,84.51,54.8,4,1,0,,,
189,11.61,85.42,63.9,4,1,1,0.75,HIGH,Person very close on your right
190,11.73,84.49,56.2,4,0,0,,,
191,11.67,85.0,58.8,3,0,0,,,
192,11.66,85.02,58.8,3,0,0,,,
193,11.74,84.51,61.1,4,0,0,,,
194,11.7,84.75,59.4,4,0,0,,,
195,11.5,86.22,54.8,3,0,0,,,
196,11.51,86.18,60.6,4,0,0,,,
197,11.73,84.51,58.8,3,0,0,,,
198,11.73,84.5,57.6,3,0,0,,,
199,11.72,84.62,62.9,4,0,0,,,
200,11.67,84.94,57.6,3,0,0,,,
201,11.76,84.32,58.8,3,0,0,,,
202,11.67,84.96,60.0,4,0,0,,,
203,11.75,84.38,54.8,5,1,0,,,
204,11.64,85.14,62.9,4,0,0,,,
205,11.74,84.42,57.6,5,0,0,,,
206,11.63,85.31,60.0,5,1,1,0.511,MEDIUM,surfboard ahead
207,11.58,85.61,54.8,3,0,0,,,
208,11.57,85.7,61.1,3,0,0,,,
209,11.71,84.7,56.2,3,1,1,0.775,HIGH,Person very close on your right
210,11.73,84.53,62.9,4,1,1,0.463,MEDIUM,Person on your right
211,11.35,87.4,58.3,3,0,0,,,
212,11.74,84.47,53.3,4,1,0,,,
213,11.7,84.78,61.8,2,0,0,,,
214,11.78,84.14,56.3,3,0,0,,,
215,11.76,84.33,53.3,2,0,0,,,
216,11.52,86.12,64.9,3,0,0,,,
217,11.73,84.58,54.8,4,0,0,,,
218,11.76,84.18,61.1,3,0,0,,,
219,11.59,85.52,60.6,4,0,0,,,
220,11.73,84.56,61.1,3,0,0,,,
221,11.77,84.28,58.8,3,0,0,,,
222,11.68,84.93,57.6,4,0,0,,,
223,11.79,84.08,61.8,3,0,0,,,
224,11.72,84.55,57.6,3,0,0,,,
225,11.74,84.48,61.1,4,2,1,0.579,MEDIUM,Person very close on your left
226,11.7,84.76,61.1,3,0,0,,,
227,11.69,84.86,58.1,3,0,0,,,
228,11.73,84.57,61.1,3,0,0,,,
229,11.92,83.16,58.8,3,0,0,,,
230,11.66,85.04,56.3,3,0,0,,,
231,11.33,87.26,61.8,3,0,0,,,
232,10.13,97.77,59.0,2,0,0,,,
233,11.73,84.49,60.0,2,0,0,,,
234,11.65,85.11,54.8,2,0,0,,,
235,11.74,84.48,58.8,3,0,0,,,
236,11.72,84.59,62.9,4,1,0,,,
237,11.7,84.79,58.8,2,0,0,,,
238,11.42,86.83,57.1,2,0,0,,,
239,11.71,84.67,61.8,3,0,0,,,
240,11.72,84.6,57.6,3,1,0,,,
241,11.65,85.08,57.6,3,0,0,,,
242,11.38,87.15,60.0,3,0,0,,,
243,11.47,86.49,61.8,3,0,0,,,
244,11.69,84.79,61.1,3,0,0,,,
245,11.77,84.28,58.8,3,0,0,,,
246,11.72,84.63,61.1,3,0,0,,,
247,11.79,84.09,56.7,3,0,0,,,
248,11.8,83.96,58.8,3,1,1,0.688,MEDIUM,Person very close on your right
249,11.79,84.06,54.8,3,0,0,,,
250,11.54,85.86,61.1,3,0,0,,,
251,11.69,84.8,54.8,3,0,0,,,
252,11.68,84.86,63.9,3,0,0,,,
253,11.77,84.24,56.2,3,0,0,,,
254,11.66,85.02,62.2,3,0,0,,,
255,11.78,84.12,58.8,3,0,0,,,
256,11.66,85.02,56.7,3,0,0,,,
257,11.66,85.05,61.1,3,0,0,,,
258,11.77,84.21,56.3,3,0,0,,,
259,11.75,84.42,60.0,3,0,0,,,
260,11.79,84.08,56.7,3,0,0,,,
261,11.65,85.13,60.0,3,0,0,,,
262,11.52,86.1,63.2,3,0,0,,,
263,11.71,84.66,56.2,3,0,0,,,
264,11.66,85.04,60.0,3,0,0,,,
265,11.61,85.4,58.1,3,0,0,,,
266,11.67,84.99,58.8,3,0,0,,,
267,11.52,86.11,53.3,3,0,0,,,
268,11.8,84.05,56.2,3,0,0,,,
269,11.8,84.01,54.8,3,0,0,,,
270,11.72,84.61,64.1,3,0,0,,,
271,11.75,84.34,56.7,3,0,0,,,
272,11.73,84.5,56.2,3,0,0,,,
273,11.74,84.46,61.1,3,0,0,,,
274,11.69,84.78,61.8,3,0,0,,,
275,11.73,84.56,57.6,3,0,0,,,
276,11.72,84.6,58.8,3,0,0,,,
277,11.5,86.29,57.6,3,0,0,,,
278,11.63,85.24,61.8,3,0,0,,,
279,11.79,84.13,60.0,3,0,0,,,
280,11.81,83.99,58.8,3,0,0,,,
281,11.68,84.88,58.8,3,0,0,,,
282,11.72,84.61,62.9,3,0,0,,,
283,11.75,84.39,58.8,3,0,0,,,
284,11.71,84.65,54.8,3,1,0,,,
285,11.63,85.27,63.9,3,0,0,,,
286,11.78,84.22,53.3,3,0,0,,,
287,11.67,84.97,61.1,3,0,0,,,
288,11.72,84.55,57.6,3,0,0,,,
289,11.61,85.39,62.9,3,0,0,,,
290,10.98,90.34,65.8,3,0,0,,,
291,11.6,85.51,58.8,3,0,0,,,
292,11.69,84.83,60.6,3,0,0,,,
293,11.72,84.64,58.8,3,0,0,,,
294,11.74,84.4,57.6,3,0,0,,,
295,11.77,84.25,61.8,3,0,0,,,
296,11.65,85.11,58.8,3,0,0,,,
297,11.76,84.31,61.1,2,0,0,,,
298,11.68,84.89,63.2,2,0,0,,,
299,11.69,84.83,56.2,1,0,0,,,
300,11.52,86.11,61.1,1,0,0,,,
301,11.68,84.87,58.1,2,1,1,0.567,MEDIUM,Person very close on your left
302,11.63,85.18,58.8,2,0,0,,,
303,11.59,85.59,61.1,2,0,0,,,
304,11.56,85.82,60.6,2,0,0,,,
305,11.61,85.39,57.6,3,1,0,,,
306,11.73,84.55,54.8,2,0,0,,,
307,11.7,84.74,62.2,2,1,1,0.691,MEDIUM,Person very close on your right
308,11.67,84.99,57.6,2,0,0,,,
309,11.61,85.41,62.2,3,1,1,0.513,MEDIUM,refrigerator ahead
310,11.63,85.24,57.6,2,0,0,,,
311,11.64,85.22,57.6,3,0,0,,,
312,11.5,86.2,62.9,2,0,0,,,
313,11.63,85.23,57.6,2,0,0,,,
314,11.7,84.74,62.2,3,0,0,,,
315,11.63,85.23,58.8,3,0,0,,,
316,11.72,84.59,60.0,2,0,0,,,
317,11.69,84.8,60.6,2,0,0,,,
318,11.72,84.61,56.3,2,0,0,,,
319,11.76,84.33,58.8,2,0,0,,,
320,11.71,84.66,58.8,2,0,0,,,
321,11.67,84.98,62.2,2,0,0,,,
322,11.67,84.95,59.4,2,0,0,,,
323,11.36,87.27,59.5,2,0,0,,,
324,11.68,84.92,63.2,2,0,0,,,
325,11.72,84.49,62.9,2,0,0,,,
326,11.72,84.55,54.8,2,0,0,,,
327,11.77,84.27,62.2,2,0,0,,,
328,11.7,84.76,60.6,2,0,0,,,
329,11.63,85.3,61.1,2,0,0,,,
330,11.73,84.52,57.6,2,0,0,,,
331,11.66,85.05,58.8,2,0,0,,,
332,11.66,85.02,59.4,2,0,0,,,
333,11.57,85.68,61.1,2,0,0,,,
334,11.71,84.6,56.3,2,0,0,,,
335,11.46,86.56,61.1,2,0,0,,,
336,11.65,85.12,57.6,2,0,0,,,
337,11.67,84.98,57.6,2,0,0,,,
338,11.72,84.57,53.3,2,0,0,,,
339,11.71,84.72,62.9,2,0,0,,,
340,11.67,84.91,58.8,2,0,0,,,
341,11.7,84.74,62.2,2,0,0,,,
342,11.6,85.47,58.8,3,1,1,0.513,MEDIUM,surfboard ahead
343,11.59,85.58,61.1,3,0,0,,,
344,11.66,85.07,56.7,3,0,0,,,
345,11.71,84.69,58.8,2,0,0,,,
346,11.56,85.8,54.8,3,0,0,,,
347,11.25,88.18,54.5,4,1,0,,,
348,9.98,99.52,61.5,3,0,0,,,
349,11.59,85.6,54.8,3,0,0,,,
350,11.44,86.68,58.8,3,1,1,0.521,MEDIUM,Person very close on your right
351,11.52,86.08,59.4,4,1,1,0.471,MEDIUM,Person on your right
352,11.64,85.2,62.2,2,0,0,,,
353,11.7,84.71,56.2,2,0,0,,,
354,11.51,86.2,64.1,2,0,0,,,
355,11.61,85.45,60.0,2,0,0,,,
356,11.6,85.49,57.6,2,0,0,,,
357,11.75,84.36,63.9,3,1,0,,,
358,11.34,87.49,60.0,2,0,0,,,
359,11.49,86.32,57.6,2,1,1,0.688,MEDIUM,Person very close on your left
360,11.56,85.78,60.0,2,0,0,,,
361,11.67,84.99,63.2,2,0,0,,,
362,11.62,85.34,59.4,2,0,0,,,
363,11.7,84.72,61.1,2,1,1,0.76,HIGH,Person very close ahead
364,11.68,84.73,58.8,2,0,0,,,
365,11.73,84.51,57.6,2,0,0,,,
366,11.66,85.07,62.9,2,0,0,,,
367,11.64,85.22,54.8,2,0,0,,,
368,11.65,85.15,60.0,2,0,0,,,
369,11.66,85.09,57.6,3,1,0,,,
370,11.53,85.96,58.8,2,0,0,,,
371,11.71,84.67,60.0,3,1,1,0.595,MEDIUM,Person very close on your left
372,11.7,84.71,60.6,1,0,0,,,
373,11.7,84.76,58.8,1,0,0,,,
374,11.75,84.4,60.0,1,0,0,,,
375,11.6,85.47,54.8,1,0,0,,,
376,11.63,85.28,58.8,1,1,1,0.745,HIGH,Person very close on your left
377,11.58,85.63,56.2,1,0,0,,,
378,11.71,84.68,60.6,1,0,0,,,
379,11.64,85.23,57.6,1,0,0,,,
380,11.75,84.36,54.8,0,0,0,,,
381,11.54,85.93,61.1,2,1,0,,,
382,11.66,85.06,56.3,2,1,0,,,
383,11.68,84.96,62.2,2,1,0,,,
384,11.62,85.34,59.4,2,0,0,,,
385,11.55,85.83,60.6,1,0,0,,,
386,11.61,85.37,56.3,1,0,0,,,
387,11.64,85.21,58.8,1,0,0,,,
388,11.62,85.3,58.8,1,0,0,,,
389,11.63,85.25,57.6,1,0,0,,,
390,11.65,85.09,61.1,1,0,0,,,
391,11.64,85.22,57.6,1,0,0,,,
392,11.64,85.13,61.8,1,0,0,,,
393,11.5,86.23,56.2,1,0,0,,,
394,11.64,85.21,57.6,2,1,1,0.587,MEDIUM,Person very close on your left
395,11.67,84.99,56.3,1,0,0,,,
396,11.71,84.69,56.2,1,0,0,,,
397,11.69,84.8,56.2,1,0,0,,,
398,11.7,84.71,62.9,1,0,0,,,
399,11.69,84.82,57.6,1,0,0,,,
400,11.68,84.89,60.0,1,0,0,,,
401,11.62,85.34,60.0,1,0,0,,,
402,11.67,84.93,61.1,1,0,0,,,
403,11.67,84.98,58.8,1,0,0,,,
404,11.41,86.93,63.2,1,0,0,,,
405,11.28,87.97,63.9,1,0,0,,,
406,11.1,89.37,62.9,1,0,0,,,
407,11.65,85.14,61.1,2,1,0,,,
408,11.77,84.26,57.6,1,0,0,,,
409,11.62,85.39,58.8,1,0,0,,,
410,11.63,85.29,58.8,1,0,0,,,
411,11.68,84.94,62.2,1,0,0,,,
412,11.55,85.88,58.8,1,0,0,,,
413,11.72,84.66,58.8,1,0,0,,,
414,11.69,84.81,56.3,1,0,0,,,
415,11.7,84.77,61.1,2,0,0,,,
416,11.47,86.49,56.2,2,0,0,,,
417,11.43,86.77,60.6,1,0,0,,,
418,11.65,85.04,58.8,1,0,0,,,
419,11.66,85.03,61.1,1,0,0,,,
420,11.63,85.25,58.8,1,0,0,,,
421,11.68,84.86,60.0,1,0,0,,,
422,11.67,84.98,59.4,1,0,0,,,
423,11.77,84.27,60.0,1,0,0,,,
424,11.63,85.27,57.1,1,0,0,,,
425,11.72,84.66,58.1,1,0,0,,,
426,11.74,84.45,60.0,1,0,0,,,
427,11.69,84.79,57.6,1,0,0,,,
428,11.52,86.05,63.2,1,0,0,,,
429,11.74,84.49,56.2,1,0,0,,,
430,11.74,84.47,62.9,1,0,0,,,
431,11.66,85.03,56.2,1,0,0,,,
432,11.68,84.89,61.1,1,0,0,,,
433,11.73,84.5,58.8,1,0,0,,,
434,11.86,83.64,58.1,1,0,0,,,
435,11.61,85.45,62.2,2,1,0,,,
436,11.65,85.11,57.6,2,0,0,,,
437,11.66,85.05,60.0,2,0,0,,,
438,11.68,84.87,60.0,2,0,0,,,
439,11.51,86.15,62.2,2,0,0,,,
440,11.68,84.89,58.1,2,0,0,,,
441,11.72,84.64,57.6,1,0,0,,,
442,11.7,84.77,58.8,2,0,0,,,
443,11.68,84.9,61.1,2,0,0,,,
444,11.73,84.5,58.8,2,0,0,,,
445,11.47,86.51,56.2,1,0,0,,,
446,11.67,84.96,57.6,1,0,0,,,
447,11.67,84.98,63.9,1,0,0,,,
448,11.71,84.69,53.3,1,0,0,,,
449,11.64,85.16,61.1,1,0,0,,,
450,11.78,84.18,57.6,1,0,0,,,
451,11.46,86.57,61.1,1,1,1,0.749,HIGH,Person very close ahead
452,11.65,85.1,58.1,3,1,1,0.576,MEDIUM,Person very close on your left
453,11.76,84.35,57.6,3,0,0,,,
454,11.73,84.54,57.6,3,0,0,,,
455,11.69,84.85,60.0,3,0,0,,,
456,11.71,84.69,57.6,3,0,0,,,
457,11.66,85.04,56.7,4,1,0,,,
458,11.68,84.91,60.0,3,0,0,,,
459,11.84,83.77,58.8,2,0,0,,,
460,11.68,84.93,62.2,2,0,0,,,
461,11.72,84.66,58.8,3,1,0,,,
462,11.58,85.66,56.3,2,0,0,,,
463,11.59,85.6,59.4,3,1,1,0.748,HIGH,Person very close on your right
464,10.99,90.04,63.9,3,0,0,,,
465,11.74,84.47,58.8,2,0,0,,,
466,11.76,84.28,61.1,2,0,0,,,
467,11.71,84.7,60.6,2,0,0,,,
468,11.67,84.95,58.8,2,0,0,,,
469,11.69,84.85,60.0,2,0,0,,,
470,11.68,84.91,62.2,2,0,0,,,
471,11.76,84.32,58.8,2,0,0,,,
472,11.7,84.78,58.8,3,0,0,,,
473,11.77,84.29,61.8,2,0,0,,,
474,11.58,85.62,58.8,3,1,1,0.515,MEDIUM,surfboard ahead
475,11.52,86.09,61.1,3,0,0,,,
476,11.74,84.44,56.7,3,0,0,,,
477,11.72,84.62,63.2,3,0,0,,,
478,11.73,84.56,56.2,3,0,0,,,
479,11.7,84.8,60.0,3,0,0,,,
480,11.77,84.3,60.0,3,0,0,,,
481,11.31,87.7,58.8,3,0,0,,,
482,11.69,84.79,56.3,3,1,0,,,
483,11.76,84.32,60.0,4,0,0,,,
484,11.73,84.55,56.3,3,0,0,,,
485,11.83,83.8,58.1,2,0,0,,,
486,11.52,86.09,60.0,2,0,0,,,
487,11.66,85.05,60.0,2,0,0,,,
488,11.72,84.61,60.0,2,0,0,,,
489,11.56,85.78,56.7,2,0,0,,,
490,11.78,84.19,58.8,3,0,0,,,
491,11.7,84.76,54.8,3,0,0,,,
492,11.78,84.17,62.2,3,0,0,,,
493,11.7,84.76,58.8,4,2,1,0.796,HIGH,Person very close on your right
494,11.37,87.2,56.3,3,0,0,,,
495,11.79,84.13,57.6,3,0,0,,,
496,11.62,85.37,61.1,3,0,0,,,
497,11.37,87.2,56.3,2,0,0,,,
498,11.73,84.56,55.2,2,0,0,,,
499,11.69,84.79,56.2,2,0,0,,,
500,11.64,85.18,56.3,2,0,0,,,
501,11.73,84.52,62.2,2,0,0,,,
502,11.64,85.16,58.8,2,0,0,,,
503,11.68,84.89,61.1,2,0,0,,,
504,11.69,84.78,58.8,2,0,0,,,
505,11.63,85.28,61.1,2,0,0,,,
506,11.66,84.97,57.6,3,0,0,,,
507,11.56,85.79,61.8,2,0,0,,,
508,11.74,84.5,51.7,2,0,0,,,
509,11.45,86.59,62.2,2,0,0,,,
510,11.78,84.18,56.2,2,0,0,,,
511,11.74,84.45,60.0,2,1,1,0.659,MEDIUM,Person very close on your left
512,11.75,84.37,60.6,3,0,0,,,
513,11.83,83.85,54.8,2,0,0,,,
514,11.82,83.87,58.8,2,0,0,,,
515,11.74,84.48,63.9,3,1,0,,,
516,11.83,83.79,57.6,2,0,0,,,
517,11.64,85.22,54.8,2,0,0,,,
518,11.84,83.8,61.1,2,0,0,,,
519,11.84,83.74,56.7,2,0,0,,,
520,11.78,84.19,57.6,2,0,0,,,
521,11.61,85.42,61.1,2,0,0,,,
522,10.36,95.78,65.0,3,2,1,0.673,MEDIUM,Person very close on your right
523,11.84,83.72,58.8,2,0,0,,,
524,11.77,84.29,56.2,2,0,0,,,
525,11.82,83.86,62.9,2,0,0,,,
526,11.8,84.03,60.0,2,0,0,,,
527,11.74,84.45,57.6,2,0,0,,,
528,11.68,84.9,56.2,3,1,0,,,
529,11.81,83.97,60.6,2,0,0,,,
530,11.81,83.96,56.2,2,0,0,,,
531,11.81,83.95,58.8,2,0,0,,,
532,11.67,84.96,61.8,2,0,0,,,
533,11.8,84.02,56.3,2,0,0,,,
534,11.61,85.46,62.9,2,0,0,,,
535,11.84,83.75,57.6,2,0,0,,,
536,11.85,83.68,59.4,2,0,0,,,
537,11.05,89.82,57.1,2,0,0,,,
538,11.69,84.79,60.0,3,1,0,,,
539,11.78,84.24,56.3,2,0,0,,,
540,11.78,84.22,60.0,2,0,0,,,
541,11.84,83.77,60.6,2,0,0,,,
542,11.84,83.76,56.3,2,0,0,,,
543,11.71,84.64,54.8,3,1,0,,,
544,11.51,86.15,62.2,3,0,0,,,
545,11.71,84.66,61.8,3,1,1,0.574,MEDIUM,Person very close on your left
546,11.68,84.81,57.6,4,2,1,0.75,HIGH,Person very close on your left
547,11.77,84.26,54.8,3,0,0,,,
548,11.73,84.53,62.2,4,1,0,,,
549,11.8,84.02,58.8,3,0,0,,,
550,11.71,84.66,58.1,3,0,0,,,
551,11.79,84.11,58.8,3,0,0,,,
552,11.61,85.45,58.8,3,0,0,,,
553,11.76,84.34,58.8,3,0,0,,,
554,11.74,84.43,61.1,3,0,0,,,
555,11.79,84.14,59.4,3,0,0,,,
556,11.58,85.64,58.8,3,0,0,,,
557,11.75,84.38,58.8,3,0,0,,,
558,11.76,84.38,56.3,3,0,0,,,
559,11.73,84.54,63.9,3,0,0,,,
560,11.79,84.05,57.6,2,0,0,,,
561,11.73,84.55,53.3,2,0,0,,,
562,11.73,84.54,60.0,2,0,0,,,
563,11.77,84.23,59.4,2,0,0,,,
564,11.79,84.13,54.8,2,0,0,,,
565,11.75,84.37,63.9,2,0,0,,,
566,11.77,84.26,58.8,2,0,0,,,
567,11.44,86.73,56.2,2,0,0,,,
568,11.71,84.71,53.3,2,0,0,,,
569,11.73,84.54,61.1,2,0,0,,,
570,11.73,84.49,61.8,2,0,0,,,
571,11.74,84.49,56.2,2,0,0,,,
572,11.8,84.05,62.2,2,0,0,,,
573,11.7,84.76,60.0,2,0,0,,,
574,11.67,84.34,61.1,2,0,0,,,
575,11.72,84.63,61.1,2,0,0,,,
576,11.75,84.38,55.2,2,0,0,,,
577,11.73,84.59,58.8,2,0,0,,,
578,11.72,84.64,58.8,2,0,0,,,
579,11.61,85.4,60.0,2,0,0,,,
580,9.79,101.48,59.0,2,0,0,,,
581,11.41,86.97,60.5,2,1,1,0.66,MEDIUM,Person very close on your right
582,11.38,87.16,60.5,2,0,0,,,
583,11.33,87.58,61.5,2,0,0,,,
584,11.38,87.12,61.1,2,0,0,,,
585,11.44,86.65,61.1,2,0,0,,,
586,11.38,87.18,60.5,4,2,1,0.568,MEDIUM,Person very close on your left
587,11.42,86.88,59.5,3,0,0,,,
588,11.32,87.61,58.8,3,1,0,,,
589,11.37,87.12,55.9,3,1,0,,,
590,11.23,88.23,57.1,3,0,0,,,
591,11.35,87.43,58.8,2,0,0,,,
592,11.24,88.08,57.1,2,0,0,,,
593,11.42,86.84,59.5,2,0,0,,,
594,11.39,87.11,61.1,2,0,0,,,
595,11.45,86.65,59.5,2,0,0,,,
596,11.4,86.99,60.0,2,0,0,,,
597,11.32,87.63,58.3,2,0,0,,,
598,11.37,87.21,58.3,2,0,0,,,
599,11.38,87.16,60.0,2,0,0,,,
600,11.38,87.11,61.5,2,0,0,,,
601,11.39,87.12,58.3,2,0,0,,,
602,11.31,87.72,57.1,2,0,0,,,
603,11.38,87.03,58.8,2,0,0,,,
604,11.5,86.16,59.5,2,0,0,,,
605,11.31,87.7,55.9,2,0,0,,,
606,11.38,87.18,62.2,2,0,0,,,
607,11.42,86.74,60.5,2,0,0,,,
608,11.42,86.86,59.5,2,0,0,,,
609,11.41,86.98,62.2,2,0,0,,,
610,11.42,86.88,60.5,2,0,0,,,
611,11.24,88.09,57.1,2,0,0,,,
612,11.46,86.42,53.3,2,0,0,,,
613,11.23,88.3,58.3,3,1,0,,,
614,11.16,88.88,60.0,3,0,0,,,
615,11.35,87.38,60.5,2,0,0,,,
616,11.33,87.53,58.3,2,0,0,,,
617,11.4,86.99,60.0,2,0,0,,,
618,11.39,87.09,57.1,2,0,0,,,
619,11.34,87.46,58.3,2,0,0,,,
620,11.41,86.81,57.6,3,1,0,,,
621,11.42,86.77,58.3,2,0,0,,,
622,10.97,90.44,60.5,3,0,0,,,
623,11.29,87.88,58.3,3,0,0,,,
624,11.17,88.79,60.0,3,0,0,,,
625,11.19,88.68,55.9,2,0,0,,,
626,11.31,87.7,57.1,3,0,0,,,
627,11.33,87.57,59.5,2,0,0,,,
628,11.37,87.11,59.5,3,0,0,,,
629,11.3,87.66,60.0,2,0,0,,,
630,11.37,87.22,57.1,2,0,0,,,
631,11.36,87.32,58.3,2,0,0,,,
632,10.9,91.01,59.5,2,1,1,0.76,HIGH,Person very close ahead
633,11.39,87.11,57.1,2,0,0,,,
634,11.38,87.15,57.1,3,1,1,0.706,HIGH,Person very close ahead
635,11.21,88.51,57.6,2,0,0,,,
636,10.73,92.5,59.5,2,0,0,,,
637,10.95,90.51,60.0,2,1,0,,,
638,11.51,86.06,59.5,3,0,0,,,
639,11.38,87.18,60.0,1,0,0,,,
640,11.39,87.07,59.5,1,0,0,,,
641,11.4,86.99,60.5,1,0,0,,,
642,11.41,86.9,61.1,1,0,0,,,
643,11.35,87.41,58.3,1,0,0,,,
644,11.4,87.03,58.3,1,0,0,,,
645,11.39,87.13,64.1,2,1,0,,,
646,11.33,87.58,59.5,1,0,0,,,
647,11.19,88.56,57.1,1,0,0,,,
648,11.2,88.61,58.3,1,0,0,,,
649,11.36,87.36,59.5,2,1,0,,,
650,11.3,87.7,60.0,2,0,0,,,
651,11.43,86.65,54.5,2,0,0,,,
652,11.4,87.0,55.9,2,0,0,,,
653,11.47,86.53,62.2,2,0,0,,,
654,11.36,87.24,61.5,1,0,0,,,
655,11.35,87.4,58.3,1,0,0,,,
656,11.46,86.59,61.1,1,0,0,,,
657,11.4,87.0,60.5,1,0,0,,,
658,11.22,88.35,59.5,1,0,0,,,
659,11.42,86.78,57.6,2,1,1,0.739,HIGH,Person very close ahead
660,11.39,86.99,54.5,2,2,2,"0.749,0.498","HIGH,MEDIUM",Person very close on your right | Person on your left
661,11.43,86.73,58.3,1,0,0,,,
662,11.49,86.22,57.6,1,0,0,,,
663,11.4,86.96,57.1,1,0,0,,,
664,11.45,86.6,62.2,1,0,0,,,
665,11.35,87.41,61.5,1,0,0,,,
666,11.35,87.4,57.1,2,1,0,,,
667,11.4,87.0,60.0,2,0,0,,,
668,11.36,87.33,58.3,2,0,0,,,
669,11.21,88.52,58.3,2,0,0,,,
670,11.4,87.03,55.9,2,0,0,,,
671,11.22,88.38,58.8,2,0,0,,,
672,11.31,87.71,60.5,2,1,1,0.752,HIGH,Person very close ahead
673,11.41,86.92,63.2,2,0,0,,,
674,11.33,87.51,59.5,2,0,0,,,
675,11.36,87.37,55.9,2,0,0,,,
676,11.4,87.03,58.3,3,2,1,0.742,HIGH,Person very close on your right
677,11.33,87.57,58.8,3,1,0,,,
678,11.34,87.34,57.1,2,0,0,,,
679,11.39,87.05,58.3,2,0,0,,,
680,11.45,86.63,57.6,3,1,0,,,
