frame,time_s,latency_ms,fps,cpu_percent,ram_percent,temperature_c,detections,active_tracks,track_ids
0,0.0,177.92,5.62,7.6,16.5,42.8,1,1,[1]
1,1.349,108.9,9.18,53.5,16.5,42.2,1,1,[1]
2,1.46,106.89,9.36,53.5,16.5,42.2,1,1,[1]
3,1.57,108.67,9.2,57.8,16.5,42.8,1,1,[1]
4,1.681,109.97,9.09,54.5,16.5,42.8,1,1,[1]
5,1.794,106.84,9.36,57.8,16.5,43.3,1,1,[1]
6,1.903,106.91,9.35,53.5,16.5,42.8,1,1,[1]
7,2.013,107.07,9.34,53.5,16.5,43.9,1,1,[1]
8,2.123,106.64,9.38,51.3,16.5,43.9,1,1,[1]
9,2.232,106.9,9.35,55.6,16.5,43.9,1,1,[1]
10,2.342,106.61,9.38,55.6,16.5,42.8,1,1,[1]
11,2.451,108.17,9.25,55.8,16.5,44.4,1,1,[1]
12,2.562,108.68,9.2,51.2,16.5,43.9,1,1,[1]
13,2.674,107.09,9.34,56.5,16.5,45.5,1,1,[1]
14,2.783,107.45,9.31,52.4,16.5,45.5,1,1,[1]
15,2.894,106.8,9.36,58.7,16.5,45.0,1,1,[1]
16,3.003,108.28,9.24,56.5,16.5,45.5,1,1,[1]
17,3.114,106.9,9.35,52.4,16.5,44.4,1,1,[1]
18,3.224,107.32,9.32,50.0,16.5,45.5,1,1,[1]
19,3.334,106.92,9.35,57.8,16.5,45.5,1,1,[1]
20,3.443,107.21,9.33,52.4,16.5,43.9,1,1,[1]
21,3.554,109.47,9.13,54.5,16.5,45.5,1,1,[1]
22,3.666,107.46,9.31,55.8,16.5,45.5,1,1,[1]
23,3.776,107.65,9.29,52.4,16.5,46.6,1,1,[1]
24,3.886,107.35,9.32,53.5,16.5,45.5,1,1,[1]
25,3.996,107.7,9.29,55.6,16.5,46.1,1,1,[1]
26,4.108,107.71,9.28,53.5,16.5,47.2,1,1,[1]
27,4.218,107.39,9.31,56.8,16.5,46.6,1,1,[1]
28,4.328,107.71,9.28,56.5,16.5,45.5,1,1,[1]
29,4.439,107.74,9.28,53.5,16.5,46.6,1,1,[1]
30,4.549,108.4,9.23,53.5,16.5,46.6,1,1,[1]
31,4.66,108.15,9.25,60.4,16.5,46.1,1,1,[1]
32,4.771,107.43,9.31,53.5,16.5,45.5,1,1,[1]
33,4.881,107.14,9.33,55.6,16.5,46.6,1,1,[1]
34,4.991,107.39,9.31,55.8,16.5,46.6,1,1,[1]
35,5.101,107.13,9.33,56.5,16.5,47.2,1,1,[1]
36,5.211,107.59,9.29,52.4,16.5,46.6,1,1,[1]
37,5.321,107.49,9.3,58.7,16.5,45.5,1,1,[1]
38,5.432,107.7,9.29,53.5,16.5,46.6,1,1,[1]
39,5.542,107.75,9.28,53.5,16.5,47.7,1,1,[1]
40,5.653,112.65,8.88,60.0,16.5,47.2,1,1,[1]
41,5.768,107.97,9.26,56.5,16.5,46.6,1,1,[1]
42,5.879,108.24,9.24,53.5,16.5,47.7,1,1,[1]
43,5.99,107.73,9.28,56.8,16.5,47.2,1,1,[1]
44,6.1,107.35,9.31,52.4,16.5,48.3,1,1,[1]
45,6.211,107.19,9.33,55.6,16.5,47.2,1,1,[1]
46,6.321,107.39,9.31,55.6,16.5,47.2,1,1,[1]
47,6.431,107.4,9.31,54.8,16.5,47.7,1,1,[1]
48,6.541,107.79,9.28,54.5,16.5,46.6,1,1,[1]
49,6.652,112.0,8.93,56.8,16.5,47.7,1,1,[1]
50,6.767,107.86,9.27,53.5,16.5,46.6,1,1,[1]
51,6.877,107.54,9.3,54.5,16.5,48.3,2,2,"[1, 2]"
52,6.987,107.53,9.3,53.7,16.5,48.8,2,2,"[1, 2]"
53,7.098,106.83,9.36,55.6,16.5,48.3,2,2,"[1, 2]"
54,7.207,106.7,9.37,55.6,16.5,48.8,2,2,"[1, 2]"
55,7.317,106.63,9.38,58.7,16.5,48.8,1,2,"[1, 2]"
56,7.426,106.43,9.4,57.4,16.5,48.3,1,2,"[1, 2]"
57,7.535,107.96,9.26,54.5,16.5,49.4,1,2,"[1, 2]"
58,7.646,107.05,9.34,55.8,16.5,48.8,1,2,"[1, 2]"
59,7.756,106.62,9.38,52.4,16.5,48.3,2,3,"[1, 2, 3]"
60,7.865,107.1,9.34,55.6,16.5,49.4,2,4,"[1, 2, 3, 4]"
61,7.975,107.82,9.27,55.8,16.5,47.7,2,4,"[1, 2, 3, 4]"
62,8.085,107.49,9.3,57.4,16.5,48.8,2,4,"[1, 2, 3, 4]"
63,8.195,107.09,9.34,54.5,16.5,48.8,2,4,"[1, 2, 3, 4]"
64,8.305,107.01,9.34,57.8,16.5,49.4,2,4,"[1, 2, 3, 4]"
65,8.415,106.78,9.37,53.5,16.5,48.3,2,3,"[1, 3, 4]"
66,8.524,108.23,9.24,56.5,16.5,49.4,1,3,"[1, 3, 4]"
67,8.635,106.7,9.37,58.7,16.5,48.8,1,3,"[1, 3, 4]"
68,8.745,107.04,9.34,54.5,16.5,49.4,1,3,"[1, 3, 4]"
69,8.855,107.55,9.3,52.4,16.5,48.8,2,3,"[1, 3, 4]"
70,8.965,107.64,9.29,55.8,16.5,48.8,2,3,"[1, 3, 4]"
71,9.075,107.03,9.34,56.5,16.5,48.8,2,3,"[1, 3, 4]"
72,9.185,107.45,9.31,53.7,16.5,48.8,2,3,"[1, 3, 4]"
73,9.295,107.0,9.35,56.5,16.5,49.9,2,2,"[1, 3]"
74,9.405,107.12,9.34,54.5,16.4,49.4,2,2,"[1, 3]"
75,9.514,107.54,9.3,54.8,16.4,49.4,1,2,"[1, 3]"
76,9.625,107.96,9.26,55.6,16.4,49.4,1,2,"[1, 3]"
77,9.735,107.39,9.31,54.5,16.4,49.4,1,2,"[1, 3]"
78,9.845,107.06,9.34,57.8,16.4,49.4,1,2,"[1, 3]"
79,9.955,107.47,9.31,53.5,16.4,49.4,1,2,"[1, 3]"
80,10.065,107.33,9.32,55.6,16.4,49.9,2,2,"[1, 3]"
81,10.175,107.53,9.3,52.4,16.4,50.5,1,2,"[1, 3]"
82,10.286,108.29,9.23,54.8,16.4,50.5,1,2,"[1, 3]"
83,10.397,107.37,9.31,53.5,16.4,49.9,2,3,"[1, 3, 5]"
84,10.508,107.67,9.29,55.6,16.4,49.4,2,3,"[1, 3, 5]"
85,10.618,115.94,8.63,59.2,16.4,49.4,2,3,"[1, 3, 5]"
86,10.739,107.39,9.31,53.5,16.4,49.9,2,3,"[1, 3, 5]"
87,10.849,107.38,9.31,55.6,16.4,49.9,2,3,"[1, 3, 5]"
88,10.959,107.47,9.31,56.8,16.4,49.9,2,3,"[1, 3, 5]"
89,11.069,107.41,9.31,53.5,16.4,51.0,2,3,"[1, 3, 5]"
90,11.18,107.11,9.34,54.5,16.4,50.5,2,3,"[1, 3, 5]"
91,11.289,107.41,9.31,57.8,16.4,49.9,3,3,"[1, 5, 6]"
92,11.4,107.8,9.28,56.5,16.4,51.0,2,3,"[1, 5, 6]"
93,11.511,107.42,9.31,54.5,16.4,50.5,2,3,"[1, 5, 6]"
94,11.621,109.22,9.16,58.3,16.4,50.5,2,3,"[1, 5, 6]"
95,11.733,107.76,9.28,54.5,16.4,49.9,1,3,"[1, 5, 6]"
96,11.844,107.01,9.35,52.5,16.4,51.0,1,3,"[1, 5, 6]"
97,11.953,107.0,9.35,54.5,16.4,51.0,2,4,"[1, 5, 6, 7]"
98,12.063,107.05,9.34,54.8,16.4,50.5,2,4,"[1, 5, 6, 7]"
99,12.173,106.79,9.36,54.5,16.4,50.5,1,4,"[1, 5, 6, 7]"
100,12.282,106.72,9.37,56.5,16.4,49.9,2,4,"[1, 5, 6, 7]"
101,12.392,108.0,9.26,55.8,16.4,51.0,2,4,"[1, 5, 6, 7]"
102,12.502,106.85,9.36,52.4,16.3,51.0,1,3,"[1, 5, 7]"
103,12.612,110.06,9.09,58.3,16.3,51.0,2,3,"[1, 5, 7]"
104,12.725,108.07,9.25,56.5,16.3,49.9,1,3,"[1, 5, 7]"
105,12.936,107.86,9.27,29.4,16.3,50.5,1,2,"[1, 7]"
106,13.047,107.5,9.3,53.7,16.3,50.5,1,2,"[1, 7]"
107,13.157,107.68,9.29,54.5,16.3,50.5,2,2,"[1, 7]"
108,13.267,108.3,9.23,52.4,16.3,51.0,2,2,"[1, 7]"
109,13.378,109.17,9.16,53.5,16.3,49.9,2,2,"[1, 7]"
110,13.49,108.59,9.21,52.4,16.3,49.9,2,2,"[1, 7]"
111,13.602,109.66,9.12,54.5,16.3,51.0,2,2,"[1, 7]"
112,13.714,107.62,9.29,52.4,16.3,49.9,2,2,"[1, 7]"
113,13.824,107.35,9.32,55.6,16.3,51.0,2,2,"[1, 7]"
114,13.934,107.63,9.29,55.8,16.3,51.0,2,2,"[1, 7]"
115,14.045,107.22,9.33,53.5,16.3,51.6,2,2,"[1, 7]"
116,14.155,106.9,9.35,52.4,16.3,50.5,2,2,"[1, 7]"
117,14.264,106.92,9.35,58.7,16.3,51.6,2,2,"[1, 7]"
118,14.374,108.62,9.21,56.5,16.3,52.1,2,2,"[1, 7]"
119,14.485,107.23,9.33,54.5,16.3,50.5,2,2,"[1, 7]"
120,14.595,108.98,9.18,55.6,16.3,51.6,2,2,"[1, 7]"
121,14.707,109.26,9.15,53.5,16.3,51.0,2,2,"[1, 7]"
122,14.819,107.85,9.27,53.5,16.3,51.0,2,2,"[1, 7]"
123,14.93,108.01,9.26,59.6,16.3,51.6,2,2,"[1, 7]"
124,15.04,107.51,9.3,56.5,16.3,51.6,2,2,"[1, 7]"
125,15.151,107.27,9.32,54.5,16.3,51.0,2,2,"[1, 7]"
126,15.261,106.96,9.35,55.6,16.3,51.0,1,2,"[1, 7]"
127,15.37,107.29,9.32,53.7,16.3,52.1,2,2,"[1, 7]"
128,15.48,107.84,9.27,54.5,16.2,51.6,2,2,"[1, 7]"
129,15.591,118.23,8.46,59.6,16.2,50.5,2,2,"[1, 7]"
130,15.712,108.26,9.24,54.5,16.3,52.1,2,2,"[1, 7]"
131,15.823,108.42,9.22,54.5,16.3,51.6,2,2,"[1, 7]"
132,15.934,109.01,9.17,50.0,16.3,51.0,2,2,"[1, 7]"
133,16.046,107.76,9.28,54.8,16.3,52.1,2,2,"[1, 7]"
134,16.157,107.47,9.31,53.5,16.3,52.1,2,2,"[1, 7]"
135,16.267,107.87,9.27,54.5,16.3,51.6,2,2,"[1, 7]"
136,16.377,108.44,9.22,56.5,16.3,52.1,2,2,"[1, 7]"
137,16.489,108.28,9.24,56.5,16.3,52.1,2,2,"[1, 7]"
138,16.6,110.99,9.01,56.8,16.3,51.6,2,2,"[1, 7]"
139,16.713,108.38,9.23,56.5,16.3,51.0,1,2,"[1, 7]"
140,16.824,108.33,9.23,57.4,16.3,51.6,2,2,"[1, 7]"
141,16.936,107.98,9.26,52.4,16.3,52.1,2,2,"[1, 7]"
142,17.046,107.33,9.32,53.7,16.3,51.6,1,2,"[1, 7]"
143,17.156,107.4,9.31,56.5,16.3,52.7,1,2,"[1, 7]"
144,17.267,107.26,9.32,50.0,16.3,51.6,1,2,"[1, 7]"
145,17.377,107.36,9.31,54.5,16.3,52.1,1,2,"[1, 7]"
146,17.487,107.48,9.3,55.8,16.2,52.1,1,2,"[1, 7]"
147,17.597,108.59,9.21,54.5,16.2,51.6,1,2,"[1, 7]"
148,17.708,107.65,9.29,56.5,16.2,51.6,1,2,"[1, 7]"
149,17.819,107.11,9.34,52.4,16.2,52.1,1,2,"[1, 7]"
150,17.928,107.72,9.28,55.8,16.2,52.1,1,2,"[1, 7]"
151,18.039,108.85,9.19,53.5,16.2,51.0,1,2,"[1, 7]"
152,18.151,107.63,9.29,54.5,16.2,51.6,1,1,[1]
153,18.261,107.62,9.29,55.6,16.2,52.7,2,2,"[1, 8]"
154,18.371,107.83,9.27,51.2,16.2,51.6,2,2,"[1, 8]"
155,18.482,107.84,9.27,57.8,16.2,52.7,2,2,"[1, 8]"
156,18.592,110.63,9.04,56.5,16.2,52.1,2,3,"[1, 8, 9]"
157,18.706,107.54,9.3,54.5,16.2,52.1,3,4,"[1, 8, 9, 10]"
158,18.816,107.94,9.26,53.5,16.2,52.1,2,4,"[1, 8, 9, 10]"
159,18.927,107.65,9.29,53.5,16.2,51.6,2,4,"[1, 8, 9, 10]"
160,19.037,107.91,9.27,56.8,16.2,52.7,3,4,"[1, 8, 9, 10]"
161,19.148,108.57,9.21,54.5,16.2,52.1,2,4,"[1, 8, 9, 10]"
162,19.259,108.81,9.19,53.5,16.2,52.7,2,4,"[1, 8, 9, 10]"
163,19.371,108.34,9.23,54.5,16.2,51.6,3,4,"[1, 8, 9, 10]"
164,19.482,107.76,9.28,55.6,16.2,52.1,2,4,"[1, 8, 9, 10]"
165,19.592,109.45,9.14,54.5,16.2,52.7,2,4,"[1, 8, 9, 10]"
166,19.705,107.98,9.26,52.4,16.2,52.7,1,4,"[1, 8, 9, 10]"
167,19.815,107.67,9.29,55.6,16.2,52.7,1,4,"[1, 8, 9, 10]"
168,19.926,108.52,9.21,55.6,16.2,52.7,2,4,"[1, 8, 9, 11]"
169,20.037,107.78,9.28,55.6,16.2,52.1,1,4,"[1, 8, 9, 11]"
170,20.147,108.69,9.2,54.5,16.2,52.7,2,4,"[1, 8, 9, 11]"
171,20.259,107.82,9.27,54.5,16.2,53.2,1,4,"[1, 8, 9, 11]"
172,20.369,108.3,9.23,56.5,16.2,52.7,2,4,"[1, 8, 9, 11]"
173,20.48,107.86,9.27,55.8,16.1,53.2,2,4,"[1, 8, 9, 11]"
174,20.591,118.01,8.47,56.2,16.2,52.7,1,3,"[1, 8, 11]"
175,20.713,108.1,9.25,56.5,16.2,52.1,2,3,"[1, 8, 11]"
176,20.824,108.33,9.23,55.6,16.2,52.1,1,3,"[1, 8, 11]"
177,20.935,108.58,9.21,54.5,16.2,52.7,1,3,"[1, 8, 11]"
178,21.046,107.97,9.26,56.5,16.2,52.7,1,3,"[1, 8, 11]"
179,21.157,107.95,9.26,57.8,16.2,52.1,2,3,"[1, 8, 11]"
180,21.267,107.87,9.27,53.5,16.2,52.1,1,3,"[1, 8, 11]"
181,21.378,108.53,9.21,50.0,16.2,52.7,1,2,"[1, 11]"
182,21.489,108.4,9.23,53.5,16.2,52.1,1,2,"[1, 11]"
183,21.6,111.29,8.99,61.2,16.2,52.7,1,2,"[1, 11]"
184,21.716,108.38,9.23,53.3,16.1,52.7,1,2,"[1, 11]"
185,21.827,107.79,9.28,55.8,16.1,52.7,1,2,"[1, 11]"
186,21.937,108.26,9.24,55.6,16.1,53.2,1,2,"[1, 11]"
187,22.048,108.41,9.22,55.6,16.1,52.7,1,2,"[1, 11]"
188,22.159,107.94,9.26,54.5,16.1,52.1,2,3,"[1, 11, 12]"
189,22.27,107.37,9.31,53.5,16.1,53.2,1,3,"[1, 11, 12]"
190,22.38,107.69,9.29,56.5,16.1,53.2,1,2,"[1, 12]"
191,22.491,108.16,9.25,55.8,16.1,52.1,1,2,"[1, 12]"
192,22.602,110.09,9.08,55.3,16.1,52.7,2,2,"[1, 12]"
193,22.715,107.43,9.31,55.8,16.1,52.1,1,2,"[1, 12]"
194,22.825,107.67,9.29,54.5,16.1,52.7,1,2,"[1, 12]"
195,22.935,108.98,9.18,53.5,16.1,53.2,1,2,"[1, 12]"
196,23.047,108.19,9.24,53.5,16.1,53.8,2,3,"[1, 12, 13]"
197,23.158,107.98,9.26,58.3,16.1,53.2,2,3,"[1, 12, 13]"
198,23.268,108.21,9.24,56.5,16.1,53.2,1,3,"[1, 12, 13]"
199,23.379,108.0,9.26,56.8,16.1,53.2,1,3,"[1, 12, 13]"
200,23.49,107.92,9.27,55.6,16.1,53.2,1,3,"[1, 12, 13]"
201,23.601,109.72,9.11,55.6,16.1,53.2,2,3,"[1, 12, 13]"
202,23.713,108.35,9.23,56.5,16.1,53.2,2,3,"[1, 12, 13]"
203,23.824,108.24,9.24,57.4,16.1,52.1,1,2,"[1, 13]"
204,23.935,108.03,9.26,53.5,16.1,52.7,1,2,"[1, 13]"
205,24.046,108.25,9.24,56.8,16.1,53.8,1,2,"[1, 13]"
206,24.157,107.85,9.27,55.6,16.1,52.7,1,2,"[1, 13]"
207,24.268,108.17,9.24,54.5,16.1,52.1,1,2,"[1, 13]"
208,24.379,107.9,9.27,52.4,16.1,52.7,2,3,"[1, 13, 14]"
209,24.489,108.11,9.25,56.5,16.1,53.2,2,3,"[1, 13, 14]"
210,24.6,109.82,9.11,56.5,16.0,53.2,1,3,"[1, 13, 14]"
211,24.713,109.2,9.16,58.7,16.0,53.2,1,3,"[1, 13, 14]"
212,24.825,108.15,9.25,56.5,16.0,53.8,2,3,"[1, 13, 14]"
213,24.936,108.52,9.21,54.5,16.0,53.2,1,2,"[1, 14]"
214,25.047,108.04,9.26,53.5,16.0,53.8,2,2,"[1, 14]"
215,25.158,108.06,9.25,56.5,16.0,53.8,2,2,"[1, 14]"
216,25.268,108.41,9.22,56.5,16.0,53.2,2,2,"[1, 14]"
217,25.379,108.15,9.25,54.5,16.0,52.7,2,2,"[1, 14]"
218,25.49,108.09,9.25,56.8,16.0,53.2,2,2,"[1, 14]"
219,25.601,114.7,8.72,58.7,16.0,53.8,2,2,"[1, 14]"
220,25.719,108.28,9.24,53.5,16.1,53.2,2,2,"[1, 14]"
221,25.83,107.69,9.29,54.5,16.1,53.8,2,2,"[1, 14]"
222,25.94,108.65,9.2,55.6,16.1,53.2,2,2,"[1, 14]"
223,26.052,107.21,9.33,53.7,16.1,53.8,1,2,"[1, 14]"
224,26.162,107.4,9.31,55.6,16.1,53.2,3,3,"[1, 14, 15]"
225,26.272,107.43,9.31,52.4,16.1,53.8,2,3,"[1, 14, 15]"
226,26.382,107.2,9.33,58.7,16.1,53.8,2,3,"[1, 14, 15]"
227,26.492,107.71,9.28,53.5,16.1,53.8,2,3,"[1, 14, 15]"
228,26.602,110.5,9.05,52.4,16.1,53.8,2,3,"[1, 14, 15]"
229,26.715,107.55,9.3,52.4,16.1,53.8,3,4,"[1, 14, 15, 16]"
230,26.827,107.49,9.3,53.5,16.1,53.2,2,4,"[1, 14, 15, 16]"
231,26.937,109.04,9.17,58.7,16.1,53.8,4,4,"[1, 14, 15, 16]"
232,27.049,107.6,9.29,54.5,16.1,53.8,1,4,"[1, 14, 15, 16]"
233,27.159,107.55,9.3,53.5,16.1,53.8,2,4,"[1, 14, 15, 16]"
234,27.269,107.4,9.31,54.5,16.1,53.2,2,4,"[1, 14, 15, 16]"
235,27.379,109.32,9.15,55.6,16.1,53.8,3,4,"[1, 14, 15, 16]"
236,27.491,110.15,9.08,52.4,16.1,53.8,3,4,"[1, 14, 15, 16]"
237,27.604,111.33,8.98,55.3,16.0,53.2,1,4,"[1, 14, 15, 16]"
238,27.719,108.25,9.24,55.8,16.0,53.8,1,4,"[1, 14, 15, 16]"
239,27.831,108.57,9.21,55.3,16.0,53.2,1,4,"[1, 14, 15, 16]"
240,27.942,108.25,9.24,56.5,16.0,53.8,2,4,"[1, 14, 15, 16]"
241,28.053,109.09,9.17,57.8,16.0,53.8,1,4,"[1, 14, 15, 16]"
242,28.165,108.58,9.21,55.6,16.0,54.3,2,4,"[1, 14, 15, 16]"
243,28.276,108.45,9.22,55.6,16.0,53.2,1,4,"[1, 14, 15, 16]"
244,28.387,108.09,9.25,56.5,16.0,53.8,1,4,"[1, 14, 15, 16]"
245,28.498,108.19,9.24,52.4,16.0,54.3,1,4,"[1, 14, 15, 16]"
246,28.609,109.86,9.1,55.6,16.0,53.2,1,4,"[1, 14, 15, 16]"
247,28.722,108.21,9.24,55.6,16.0,54.3,1,2,"[1, 14]"
248,28.834,108.59,9.21,56.5,16.0,53.8,1,2,"[1, 14]"
249,28.945,108.58,9.21,56.5,16.0,54.3,1,2,"[1, 14]"
250,29.056,108.36,9.23,58.3,16.0,54.3,2,2,"[1, 14]"
251,29.167,108.41,9.22,55.8,16.0,53.8,1,2,"[1, 14]"
252,29.278,108.51,9.22,54.5,16.0,53.8,2,2,"[1, 14]"
253,29.39,108.01,9.26,53.5,16.0,54.3,1,2,"[1, 14]"
254,29.5,108.37,9.23,56.5,16.0,53.8,1,2,"[1, 14]"
255,29.612,111.12,9.0,56.5,16.0,53.8,1,2,"[1, 14]"
256,29.726,108.33,9.23,54.5,16.0,53.2,1,2,"[1, 14]"
257,29.838,108.13,9.25,56.5,16.0,54.9,1,2,"[1, 14]"
258,29.948,108.76,9.19,58.3,16.0,54.3,1,2,"[1, 14]"
259,30.06,108.27,9.24,53.5,16.0,54.3,2,2,"[1, 14]"
260,30.171,107.84,9.27,57.8,16.0,53.8,1,2,"[1, 14]"
261,30.282,108.09,9.25,53.5,16.0,54.3,1,2,"[1, 14]"
262,30.392,108.59,9.21,55.6,16.0,53.8,1,2,"[1, 14]"
263,30.504,108.4,9.23,56.5,16.0,54.3,2,2,"[1, 14]"
264,30.615,118.46,8.44,61.5,16.0,54.9,2,2,"[1, 14]"
265,30.737,108.68,9.2,56.5,16.0,54.3,1,2,"[1, 14]"
266,30.848,108.23,9.24,56.5,16.0,53.8,1,2,"[1, 14]"
267,30.959,107.61,9.29,53.5,16.0,54.9,2,3,"[1, 14, 17]"
268,31.069,108.41,9.22,59.6,16.0,54.9,2,3,"[1, 14, 17]"
269,31.181,107.89,9.27,55.6,16.0,54.3,1,3,"[1, 14, 17]"
270,31.291,109.69,9.12,54.5,16.0,54.3,1,3,"[1, 14, 17]"
271,31.404,108.3,9.23,55.6,16.0,54.9,1,3,"[1, 14, 17]"
272,31.515,108.1,9.25,53.5,16.0,54.3,1,3,"[1, 14, 17]"
273,31.626,111.14,9.0,53.5,16.0,54.3,1,3,"[1, 14, 17]"
274,31.741,108.32,9.23,56.5,16.0,55.4,1,3,"[1, 14, 17]"
275,31.852,108.38,9.23,54.5,16.0,54.3,1,2,"[1, 17]"
276,31.963,107.75,9.28,53.5,16.0,53.8,1,2,"[1, 17]"
277,32.074,107.7,9.28,55.6,16.0,54.3,1,2,"[1, 17]"
278,32.184,107.89,9.27,56.8,16.0,54.3,1,2,"[1, 17]"
279,32.295,108.07,9.25,53.5,16.0,52.7,1,1,[1]
280,32.405,108.6,9.21,57.4,16.0,54.3,1,1,[1]
281,32.517,108.57,9.21,56.5,16.0,54.3,1,1,[1]
282,32.63,108.02,9.26,52.3,16.0,53.8,1,1,[1]
283,32.742,108.04,9.26,54.5,16.0,54.9,1,1,[1]
284,32.854,107.96,9.26,55.6,16.0,54.9,1,1,[1]
285,32.965,108.34,9.23,54.3,16.0,54.9,1,1,[1]
286,33.076,108.21,9.24,56.8,16.0,54.9,1,1,[1]
287,33.187,107.95,9.26,52.4,16.0,54.9,1,1,[1]
288,33.298,108.4,9.23,57.4,16.0,54.3,1,1,[1]
289,33.409,108.27,9.24,53.5,16.0,54.9,1,1,[1]
290,33.52,108.67,9.2,54.5,16.0,54.9,1,1,[1]
291,33.632,109.72,9.11,58.3,16.0,55.4,1,1,[1]
292,33.744,108.49,9.22,57.4,16.0,55.4,1,1,[1]
293,33.856,107.98,9.26,55.6,16.0,55.4,1,1,[1]
294,33.967,108.51,9.22,54.5,16.0,54.9,1,1,[1]
295,34.078,108.34,9.23,54.5,16.0,54.3,1,1,[1]
296,34.189,108.54,9.21,56.5,16.0,54.9,1,1,[1]
297,34.301,107.62,9.29,57.4,16.0,54.9,1,1,[1]
298,34.411,108.11,9.25,57.8,16.0,56.0,1,1,[1]
299,34.522,109.92,9.1,57.4,16.0,54.9,1,1,[1]
300,34.635,108.35,9.23,52.4,16.0,55.4,1,1,[1]
301,34.746,108.06,9.25,53.5,16.0,56.0,1,1,[1]
302,34.858,108.22,9.24,55.6,16.0,54.9,1,1,[1]
303,34.968,108.37,9.23,55.6,16.0,54.3,1,1,[1]
304,35.08,108.43,9.22,55.6,16.0,54.9,1,1,[1]
305,35.191,107.66,9.29,53.5,16.0,54.3,2,2,"[1, 18]"
306,35.301,108.35,9.23,56.5,16.0,54.9,1,2,"[1, 18]"
307,35.412,108.35,9.23,57.8,16.0,54.3,2,3,"[1, 18, 19]"
308,35.523,110.07,9.09,53.3,16.0,54.9,2,3,"[1, 18, 19]"
309,35.636,114.59,8.73,57.8,16.0,55.4,3,3,"[1, 18, 19]"
310,35.753,107.92,9.27,57.4,16.0,54.3,3,3,"[1, 18, 19]"
311,35.865,108.66,9.2,56.5,16.0,54.3,3,3,"[1, 18, 19]"
312,35.977,108.91,9.18,54.5,16.0,54.9,2,3,"[1, 18, 19]"
313,36.088,107.58,9.3,57.8,16.0,55.4,2,3,"[1, 18, 19]"
314,36.199,107.95,9.26,51.2,16.0,55.4,2,3,"[1, 18, 19]"
315,36.309,108.36,9.23,55.6,16.0,54.9,2,3,"[1, 18, 19]"
316,36.421,108.87,9.19,55.6,16.0,55.4,2,3,"[1, 18, 19]"
317,36.532,109.69,9.12,55.6,16.0,55.4,2,3,"[1, 18, 19]"
318,36.645,111.01,9.01,55.6,16.0,54.9,3,3,"[1, 18, 19]"
319,36.758,107.83,9.27,54.5,16.0,55.4,3,3,"[1, 18, 19]"
320,36.87,108.61,9.21,56.5,16.0,55.4,2,3,"[1, 18, 19]"
321,36.981,110.07,9.08,56.5,16.0,55.4,2,3,"[1, 18, 19]"
322,37.094,108.15,9.25,57.4,16.0,54.3,2,3,"[1, 18, 19]"
323,37.205,107.94,9.26,56.5,16.0,54.3,2,3,"[1, 18, 19]"
324,37.316,107.35,9.31,51.2,16.0,54.9,1,3,"[1, 18, 19]"
325,37.426,108.77,9.19,57.4,16.0,54.3,2,3,"[1, 18, 19]"
326,37.537,108.95,9.18,59.2,16.0,54.9,2,3,"[1, 18, 19]"
327,37.649,108.38,9.23,58.7,16.0,54.9,1,3,"[1, 18, 19]"
328,37.76,108.35,9.23,54.5,16.0,54.9,1,3,"[1, 18, 19]"
329,37.872,108.17,9.24,54.3,16.0,55.4,1,3,"[1, 18, 19]"
330,37.983,108.09,9.25,54.8,16.0,54.9,1,3,"[1, 18, 19]"
331,38.094,108.85,9.19,54.5,16.0,54.3,1,3,"[1, 18, 19]"
332,38.206,108.43,9.22,52.4,16.0,54.3,2,3,"[1, 18, 19]"
333,38.317,107.89,9.27,56.5,16.0,54.9,1,3,"[1, 18, 19]"
334,38.427,108.37,9.23,53.5,16.0,55.4,1,3,"[1, 18, 19]"
335,38.538,108.69,9.2,53.7,16.0,55.4,1,3,"[1, 18, 19]"
336,38.65,107.98,9.26,57.4,16.0,54.9,1,2,"[1, 18]"
337,38.761,108.27,9.24,55.6,16.0,54.3,1,2,"[1, 18]"
338,38.873,108.33,9.23,55.6,16.0,55.4,1,2,"[1, 18]"
339,38.984,108.41,9.22,54.5,16.0,55.4,1,2,"[1, 18]"
340,39.095,107.86,9.27,53.5,16.0,54.9,1,2,"[1, 18]"
341,39.205,108.72,9.2,58.3,16.0,55.4,1,2,"[1, 18]"
342,39.317,108.04,9.26,57.4,16.0,54.9,1,2,"[1, 18]"
343,39.428,108.5,9.22,55.8,16.0,56.0,1,1,[1]
344,39.539,109.71,9.11,55.3,16.0,55.4,2,2,"[1, 20]"
345,39.651,108.12,9.25,56.8,16.0,56.0,1,2,"[1, 20]"
346,39.762,108.6,9.21,55.6,16.0,55.4,1,2,"[1, 20]"
347,39.874,107.8,9.28,53.5,16.0,54.9,1,2,"[1, 20]"
348,39.985,108.56,9.21,56.5,16.0,56.0,1,2,"[1, 20]"
349,40.096,107.97,9.26,55.6,16.0,54.9,1,2,"[1, 20]"
350,40.207,107.71,9.28,53.5,16.0,54.3,2,3,"[1, 20, 21]"
351,40.317,108.49,9.22,54.5,16.0,55.4,2,3,"[1, 20, 21]"
352,40.429,108.14,9.25,55.6,16.0,53.8,2,3,"[1, 20, 21]"
353,40.54,109.12,9.16,60.4,15.9,56.0,1,3,"[1, 20, 21]"
354,40.652,115.5,8.66,60.4,16.0,54.9,2,3,"[1, 20, 21]"
355,40.77,108.35,9.23,53.5,16.0,56.0,1,3,"[1, 20, 21]"
356,40.882,108.13,9.25,55.3,16.0,54.3,1,3,"[1, 20, 21]"
357,40.993,107.98,9.26,57.8,16.0,55.4,1,3,"[1, 20, 21]"
358,41.104,107.76,9.28,54.5,16.0,55.4,1,3,"[1, 20, 21]"
359,41.214,108.22,9.24,55.6,16.0,55.4,1,3,"[1, 20, 21]"
360,41.325,108.46,9.22,56.5,16.0,55.4,2,3,"[1, 20, 21]"
361,41.436,108.57,9.21,57.4,16.0,56.0,1,3,"[1, 20, 21]"
362,41.548,109.52,9.13,54.5,16.0,54.9,2,3,"[1, 20, 21]"
363,41.66,109.51,9.13,55.8,16.0,56.0,1,2,"[1, 21]"
364,41.772,108.3,9.23,56.5,16.0,55.4,1,2,"[1, 21]"
365,41.884,108.35,9.23,57.4,16.0,56.5,1,2,"[1, 21]"
366,41.995,108.1,9.25,54.5,16.0,56.5,1,2,"[1, 21]"
367,42.106,108.24,9.24,52.4,16.0,56.0,1,2,"[1, 21]"
368,42.217,108.39,9.23,56.5,16.0,56.0,1,2,"[1, 21]"
369,42.328,107.6,9.29,56.5,16.0,55.4,2,2,"[1, 21]"
370,42.439,108.69,9.2,54.8,16.0,55.4,1,2,"[1, 21]"
371,42.55,110.27,9.07,54.5,16.0,55.4,1,2,"[1, 21]"
372,42.663,109.54,9.13,55.6,16.0,56.0,1,2,"[1, 21]"
373,42.776,108.42,9.22,56.5,16.0,54.9,1,2,"[1, 21]"
374,42.888,108.39,9.23,54.5,16.0,54.9,1,2,"[1, 21]"
375,42.999,108.52,9.21,51.2,16.0,56.0,1,2,"[1, 21]"
376,43.11,108.44,9.22,55.6,16.0,54.9,1,2,"[1, 21]"
377,43.221,107.99,9.26,57.4,16.0,55.4,1,2,"[1, 21]"
378,43.332,108.19,9.24,56.5,16.0,55.4,1,2,"[1, 21]"
379,43.443,108.32,9.23,55.8,16.0,56.0,1,2,"[1, 21]"
380,43.554,109.73,9.11,53.3,16.0,56.5,1,1,[1]
381,43.666,108.66,9.2,54.8,16.0,56.0,1,1,[1]
382,43.778,108.64,9.2,54.5,16.0,54.9,1,1,[1]
383,43.89,108.21,9.24,54.3,16.0,55.4,1,1,[1]
384,44.001,108.14,9.25,56.8,16.0,56.0,1,1,[1]
385,44.112,108.52,9.22,57.4,16.0,56.0,1,1,[1]
386,44.223,108.52,9.22,53.5,16.0,56.0,2,2,"[1, 22]"
387,44.334,108.06,9.25,54.5,16.0,56.0,1,2,"[1, 22]"
388,44.445,108.74,9.2,55.6,16.0,55.4,2,3,"[1, 22, 23]"
389,44.557,109.99,9.09,56.5,15.9,53.8,1,3,"[1, 22, 23]"
390,44.669,108.6,9.21,56.5,15.9,55.4,1,3,"[1, 22, 23]"
391,44.781,108.88,9.18,55.6,15.9,56.0,1,3,"[1, 22, 23]"
392,44.893,108.48,9.22,56.5,15.9,55.4,1,3,"[1, 22, 23]"
393,45.005,108.05,9.26,54.5,15.9,56.0,1,3,"[1, 22, 23]"
394,45.116,108.22,9.24,55.8,15.9,56.0,1,3,"[1, 22, 23]"
395,45.226,108.15,9.25,52.4,15.9,56.0,1,3,"[1, 22, 23]"
396,45.337,108.14,9.25,54.5,15.9,56.5,1,3,"[1, 22, 23]"
397,45.448,108.01,9.26,56.5,15.9,55.4,1,2,"[1, 23]"
398,45.559,108.77,9.19,52.4,15.9,54.9,1,2,"[1, 23]"
399,45.67,113.04,8.85,60.9,16.0,56.5,1,1,[1]
400,45.786,107.92,9.27,55.6,16.0,56.0,1,1,[1]
401,45.898,108.38,9.23,57.4,16.0,56.0,1,1,[1]
402,46.009,107.63,9.29,55.6,16.0,56.5,1,1,[1]
403,46.119,108.0,9.26,53.5,16.0,55.4,1,1,[1]
404,46.23,108.08,9.25,54.5,16.0,56.5,1,1,[1]
405,46.341,107.83,9.27,58.7,16.0,56.5,1,1,[1]
406,46.452,109.93,9.1,55.3,16.0,56.0,1,1,[1]
407,46.564,110.8,9.03,58.3,16.0,56.0,1,1,[1]
408,46.678,109.86,9.1,55.6,16.0,56.5,1,1,[1]
409,46.791,107.94,9.26,55.8,16.0,57.1,1,1,[1]
410,46.902,108.6,9.21,52.3,16.0,56.0,2,2,"[1, 24]"
411,47.013,109.72,9.11,55.6,16.0,56.5,2,2,"[1, 24]"
412,47.126,108.38,9.23,54.5,16.0,56.5,2,2,"[1, 24]"
413,47.237,108.31,9.23,57.4,16.0,56.0,1,2,"[1, 24]"
414,47.348,107.88,9.27,57.8,16.0,56.0,2,2,"[1, 24]"
415,47.459,108.31,9.23,53.5,16.0,56.5,2,2,"[1, 24]"
416,47.57,109.14,9.16,52.4,16.0,57.1,2,2,"[1, 24]"
417,47.682,107.45,9.31,56.5,16.0,57.1,2,2,"[1, 24]"
418,47.792,106.77,9.37,54.5,16.0,57.1,2,2,"[1, 24]"
419,47.902,108.71,9.2,52.4,16.0,56.5,1,2,"[1, 24]"
420,48.014,109.01,9.17,52.4,16.0,56.5,2,3,"[1, 24, 25]"
421,48.126,109.22,9.16,52.4,16.0,56.5,2,3,"[1, 24, 25]"
422,48.238,107.82,9.27,54.5,16.0,56.0,2,3,"[1, 24, 25]"
423,48.348,107.16,9.33,56.5,16.0,55.4,2,3,"[1, 24, 25]"
424,48.458,108.23,9.24,51.2,16.0,55.4,2,3,"[1, 24, 25]"
425,48.569,108.95,9.18,54.5,16.0,56.0,1,3,"[1, 24, 25]"
426,48.681,107.78,9.28,56.8,16.0,57.1,2,3,"[1, 24, 25]"
427,48.792,107.51,9.3,54.5,16.0,56.0,1,3,"[1, 24, 25]"
428,48.903,107.11,9.34,53.5,16.0,56.5,3,3,"[1, 24, 25]"
429,49.013,106.86,9.36,52.4,16.0,56.5,1,3,"[1, 24, 25]"
430,49.122,107.12,9.34,56.5,16.0,56.5,1,3,"[1, 24, 25]"
431,49.232,108.42,9.22,56.5,16.0,56.5,2,3,"[1, 24, 25]"
432,49.343,107.39,9.31,54.8,16.0,56.5,3,3,"[1, 24, 25]"
433,49.453,107.69,9.29,54.5,16.0,57.1,2,3,"[1, 24, 25]"
434,49.564,110.36,9.06,57.4,15.9,57.1,1,3,"[1, 24, 25]"
435,49.677,108.96,9.18,54.5,15.9,56.5,1,3,"[1, 24, 25]"
436,49.789,107.83,9.27,55.6,15.9,56.5,1,3,"[1, 24, 25]"
437,49.899,108.09,9.25,55.6,15.9,56.0,2,3,"[1, 24, 25]"
438,50.01,108.64,9.2,55.6,15.9,57.1,2,3,"[1, 24, 25]"
439,50.121,107.26,9.32,57.4,15.9,57.1,2,3,"[1, 24, 25]"
440,50.232,107.51,9.3,54.8,15.9,57.1,1,3,"[1, 24, 25]"
441,50.342,108.33,9.23,52.4,15.9,56.5,1,3,"[1, 24, 25]"
442,50.453,109.06,9.17,57.4,15.9,56.5,1,3,"[1, 24, 25]"
443,50.565,109.92,9.1,51.2,15.9,57.6,1,2,"[1, 25]"
444,50.678,118.52,8.44,56.3,16.0,56.0,2,3,"[1, 25, 26]"
445,50.8,104.54,9.57,55.8,16.0,56.5,1,3,"[1, 25, 26]"
446,50.907,104.32,9.59,55.8,16.0,56.0,1,3,"[1, 25, 26]"
447,51.014,104.61,9.56,60.0,16.0,55.4,1,3,"[1, 25, 26]"
448,51.121,104.98,9.53,55.8,16.0,55.4,1,3,"[1, 25, 26]"
449,51.229,104.45,9.57,53.7,16.0,56.0,1,3,"[1, 25, 26]"
450,51.336,104.42,9.58,55.8,16.0,54.9,1,2,"[1, 26]"
451,51.443,104.92,9.53,57.8,16.0,56.5,1,2,"[1, 26]"
452,51.551,106.24,9.41,57.8,16.0,56.5,1,2,"[1, 26]"
453,51.66,107.55,9.3,56.8,16.0,56.5,1,2,"[1, 26]"
454,51.77,104.23,9.59,57.8,16.0,56.5,1,2,"[1, 26]"
455,51.877,105.03,9.52,54.8,16.0,56.5,1,1,[1]
456,51.985,105.01,9.52,53.7,16.0,55.4,1,1,[1]
457,52.092,105.09,9.52,53.7,16.0,56.0,1,1,[1]
458,52.2,104.82,9.54,56.1,16.0,56.5,1,1,[1]
459,52.308,105.14,9.51,53.7,16.0,57.1,1,1,[1]
460,52.416,105.63,9.47,54.8,16.0,56.0,1,1,[1]
461,52.524,107.99,9.26,53.7,16.0,55.4,1,1,[1]
462,52.635,105.41,9.49,56.8,16.0,57.1,1,1,[1]
463,52.743,105.14,9.51,55.8,16.0,56.0,1,1,[1]
464,52.851,105.27,9.5,55.8,16.0,56.5,1,1,[1]
465,52.959,105.59,9.47,55.8,16.0,56.0,1,1,[1]
466,53.067,105.18,9.51,54.8,16.0,56.0,1,1,[1]
467,53.175,105.22,9.5,56.8,16.0,56.0,1,1,[1]
468,53.283,105.64,9.47,53.7,16.0,57.1,1,1,[1]
469,53.392,105.37,9.49,55.8,16.0,56.5,1,1,[1]
470,53.5,105.3,9.5,55.8,16.0,56.5,1,1,[1]
471,53.608,107.3,9.32,59.6,15.9,56.0,1,1,[1]
472,53.718,106.46,9.39,57.8,15.9,56.5,1,1,[1]
473,53.827,105.2,9.51,56.8,15.9,56.5,1,1,[1]
474,53.935,105.12,9.51,56.8,15.9,56.5,1,1,[1]
475,54.043,105.81,9.45,55.8,15.9,56.0,1,1,[1]
476,54.151,104.95,9.53,57.1,15.9,57.1,1,1,[1]
477,54.259,105.18,9.51,58.7,15.9,56.5,1,1,[1]
478,54.367,105.36,9.49,57.8,15.9,56.0,1,1,[1]
479,54.475,105.51,9.48,58.7,15.9,57.1,1,1,[1]
480,54.583,106.83,9.36,55.8,15.9,56.5,1,1,[1]
481,54.693,106.85,9.36,55.8,15.9,57.1,1,1,[1]
482,54.802,105.18,9.51,52.5,15.9,57.1,1,1,[1]
483,54.91,105.54,9.48,54.8,15.9,56.0,1,1,[1]
484,55.018,105.91,9.44,57.8,15.9,56.5,1,1,[1]
485,55.127,105.63,9.47,58.7,15.9,57.1,1,1,[1]
486,55.235,105.53,9.48,57.8,15.9,57.1,1,1,[1]
487,55.343,105.29,9.5,58.7,15.9,56.5,1,1,[1]
488,55.451,105.31,9.5,55.8,15.9,56.5,1,1,[1]
489,55.559,106.94,9.35,57.8,15.9,56.5,1,1,[1]
490,55.669,109.8,9.11,63.8,16.0,56.5,1,1,[1]
491,55.781,106.3,9.41,56.8,16.0,57.1,1,1,[1]
492,55.89,105.72,9.46,57.8,16.0,56.0,1,1,[1]
493,55.999,106.08,9.43,56.8,16.0,56.5,1,1,[1]
494,56.108,105.79,9.45,54.8,16.0,56.5,1,1,[1]
495,56.216,105.03,9.52,54.8,16.0,57.1,1,1,[1]
496,56.324,105.47,9.48,55.8,16.0,56.5,1,1,[1]
497,56.432,105.28,9.5,56.8,16.0,56.5,1,1,[1]
498,56.54,106.47,9.39,58.7,16.0,56.0,1,1,[1]
499,56.649,107.55,9.3,59.6,16.0,57.1,1,1,[1]
500,56.759,105.84,9.45,56.8,16.0,57.1,1,1,[1]
501,56.868,106.44,9.39,55.8,16.0,57.1,1,1,[1]
502,56.977,105.69,9.46,58.7,16.0,56.5,1,1,[1]
503,57.086,105.71,9.46,57.8,16.0,57.1,1,1,[1]
504,57.194,105.34,9.49,60.0,16.0,57.1,1,1,[1]
505,57.302,105.23,9.5,58.7,16.0,56.5,1,1,[1]
506,57.41,105.62,9.47,57.8,16.0,57.6,1,1,[1]
507,57.518,105.91,9.44,53.7,16.0,57.6,1,1,[1]
508,57.629,105.1,9.52,53.5,16.0,56.5,1,1,[1]
509,57.739,105.53,9.48,54.5,16.0,56.0,1,1,[1]
510,57.847,105.53,9.48,55.8,16.0,56.5,1,1,[1]
511,57.956,106.14,9.42,53.7,16.0,57.1,1,1,[1]
512,58.065,105.25,9.5,53.7,16.0,57.1,1,1,[1]
513,58.172,104.86,9.54,57.1,16.0,57.1,1,1,[1]
514,58.28,105.27,9.5,55.8,16.0,56.5,1,1,[1]
515,58.388,105.04,9.52,57.8,16.0,56.0,1,1,[1]
516,58.496,105.38,9.49,55.8,16.0,57.1,1,1,[1]
517,58.604,106.54,9.39,61.2,16.0,57.6,1,1,[1]
518,58.713,105.35,9.49,56.8,16.0,57.1,1,1,[1]
519,58.821,104.95,9.53,56.8,16.0,57.1,1,1,[1]
520,58.929,104.9,9.53,52.5,16.0,56.5,1,1,[1]
521,59.036,106.24,9.41,57.8,16.0,56.0,1,1,[1]
522,59.145,105.44,9.48,58.7,16.0,56.5,1,1,[1]
523,59.253,105.38,9.49,57.8,16.0,56.5,1,1,[1]
524,59.361,104.95,9.53,59.6,16.0,56.5,1,1,[1]
525,59.469,105.44,9.48,56.8,16.0,56.0,1,1,[1]
526,59.577,106.5,9.39,54.8,16.0,57.1,1,1,[1]
527,59.686,105.3,9.5,55.8,16.0,57.1,1,1,[1]
528,59.794,105.27,9.5,58.1,16.0,57.6,2,2,"[1, 27]"
529,59.902,105.17,9.51,53.7,16.0,56.5,2,2,"[1, 27]"
