frame,fps,latency_ms,cpu_percent,detections,raw_messages,context_messages,decision_messages,audio_spoken,final_messages
0,6.83,141.49,28.4,1,1,1,1,0,Person very close ahead
1,7.58,130.11,64.0,1,1,0,0,0,
2,11.66,84.88,58.8,1,1,0,0,0,
3,11.56,85.17,62.2,1,1,0,0,0,
4,11.65,84.61,57.6,1,1,0,0,0,
5,11.65,84.73,60.0,1,1,0,0,0,
6,11.71,84.66,56.3,1,1,0,0,0,
7,11.44,86.15,60.5,1,1,0,0,0,
8,11.51,85.66,63.2,1,1,0,0,0,
9,11.59,85.4,56.3,1,1,0,0,0,
10,11.65,84.92,57.6,1,1,0,0,0,
11,11.57,85.4,61.1,1,1,0,0,0,
12,11.66,84.8,56.2,1,1,0,0,0,
13,11.44,86.55,58.8,1,1,0,0,0,
14,11.69,84.6,62.2,1,1,0,0,0,
15,11.65,84.51,60.0,1,1,0,0,0,
16,11.63,85.15,58.8,1,1,0,0,0,
17,11.53,85.77,60.0,1,1,0,0,0,
18,11.49,86.08,57.6,1,1,0,0,0,
19,11.45,85.93,60.0,1,1,0,0,0,
20,11.55,85.65,59.5,1,1,0,0,0,
21,11.53,85.84,56.3,1,1,0,0,0,
22,8.72,113.77,60.0,1,1,0,0,0,
23,11.46,85.72,54.5,1,1,0,0,0,
24,11.23,88.04,58.8,1,1,0,0,0,
25,10.22,96.86,57.9,1,1,0,0,0,
26,8.8,112.67,65.2,1,1,0,0,0,
27,11.65,84.86,57.6,1,1,0,0,0,
28,11.59,85.38,60.0,1,1,0,0,1,
29,11.63,85.04,58.8,1,1,0,0,1,
30,11.47,86.26,64.1,1,1,0,0,1,
31,11.56,85.61,57.6,1,1,0,0,1,
32,11.56,85.39,54.8,1,1,0,0,1,
33,11.37,87.26,62.2,1,1,0,0,1,
34,11.66,84.94,63.2,1,1,0,0,1,
35,11.48,86.02,56.2,1,1,0,0,1,
36,10.39,95.06,60.0,1,1,0,0,1,
37,11.53,85.93,57.6,1,1,0,0,1,
38,11.59,85.38,57.6,1,1,0,0,1,
39,11.63,84.96,60.0,1,1,0,0,1,
40,11.6,85.12,57.1,1,1,0,0,1,
41,11.65,85.07,63.9,1,1,0,0,1,
42,11.64,85.1,58.8,1,1,0,0,1,
43,11.62,85.03,58.8,1,1,0,0,1,
44,11.61,85.03,57.1,1,1,0,0,1,
45,11.63,85.3,61.8,1,1,0,0,1,
46,11.56,85.69,61.1,1,1,0,0,1,
47,11.65,84.8,56.3,1,1,0,0,1,
48,11.63,84.92,62.2,1,1,0,0,1,
49,11.57,85.65,54.8,1,1,0,0,1,
50,11.72,84.52,57.6,1,1,0,0,1,
51,11.7,84.47,54.8,1,1,0,0,1,
52,11.66,84.76,62.2,1,1,0,0,1,
53,11.68,84.85,56.3,1,1,0,0,1,
54,11.71,84.56,63.2,1,1,0,0,1,
55,11.74,84.22,58.8,1,1,0,0,1,
56,11.59,85.2,62.2,1,1,0,0,1,
57,11.53,85.49,56.3,1,1,0,0,1,
58,11.49,86.42,60.0,1,1,0,0,1,
59,11.71,84.61,62.9,1,1,0,0,1,
60,11.57,85.13,55.9,1,1,0,0,1,
61,11.7,84.46,61.8,1,1,0,0,1,
62,11.59,85.33,55.9,1,1,0,0,1,
63,11.73,84.5,60.6,1,1,0,0,1,
64,11.61,84.9,57.6,1,1,0,0,1,
65,11.63,85.17,56.3,1,1,0,0,1,
66,11.63,85.14,56.3,1,1,0,0,1,
67,11.7,84.69,58.8,1,1,0,0,1,
68,11.64,84.7,56.3,1,1,0,0,1,
69,11.6,85.52,61.1,1,1,0,0,1,
70,11.53,85.85,61.1,1,1,0,0,1,
71,11.66,84.95,58.8,1,1,0,0,1,
72,11.69,84.34,60.0,1,1,0,0,1,
73,11.6,85.02,60.0,1,1,0,0,1,
74,11.67,84.86,61.1,1,1,0,0,1,
75,11.67,84.89,57.6,1,1,0,0,1,
76,11.68,84.5,62.2,1,1,0,0,1,
77,11.61,85.12,58.8,1,1,0,0,1,
78,11.59,85.52,56.3,1,1,0,0,1,
79,10.58,93.77,62.9,1,1,0,0,1,
80,11.67,84.76,58.8,1,1,0,0,1,
81,11.37,87.12,61.1,1,1,0,0,1,
82,11.56,85.74,61.1,1,1,0,0,1,
83,11.66,84.96,54.8,1,1,0,0,1,
84,11.61,84.92,57.6,1,1,0,0,1,
85,11.75,84.35,57.6,1,1,0,0,1,
86,11.66,84.89,61.1,1,1,0,0,1,
87,11.76,84.24,57.6,1,1,0,0,1,
88,11.65,84.67,58.8,1,1,0,0,1,
89,11.76,84.25,57.6,1,1,0,0,1,
90,11.74,84.31,57.6,1,1,0,0,1,
91,11.52,86.02,60.0,1,1,0,0,1,
92,11.67,84.47,60.0,1,1,0,0,1,
93,11.45,86.65,56.3,1,1,0,0,1,
94,11.67,84.89,58.8,1,1,0,0,1,
95,11.75,84.34,57.6,1,1,0,0,1,
96,11.72,84.16,61.1,1,1,0,0,1,
97,11.69,84.75,57.6,1,1,0,0,1,
98,11.72,84.47,58.8,1,1,0,0,1,
99,11.8,84.0,62.2,1,1,0,0,1,
100,11.73,84.18,58.8,1,1,0,0,1,
101,11.73,84.43,56.3,1,1,0,0,1,
102,11.73,84.37,61.1,1,1,0,0,1,
103,11.77,84.12,57.6,1,1,0,0,1,
104,11.58,85.13,57.6,1,1,0,0,1,
105,11.59,85.39,57.6,1,1,0,0,1,
106,11.73,84.27,61.1,1,1,0,0,1,
107,11.73,84.34,58.8,1,1,0,0,1,
108,11.62,84.69,61.1,1,1,0,0,1,
109,11.71,84.41,58.8,1,1,0,0,1,
110,11.69,84.64,55.9,1,1,0,0,1,
111,11.75,84.38,61.8,1,1,0,0,1,
112,11.78,83.67,55.9,1,1,0,0,1,
113,11.7,84.67,58.8,1,1,0,0,1,
114,11.75,84.32,59.4,1,1,0,0,1,
115,11.78,84.13,58.8,1,1,1,1,1,Person very close ahead
116,11.44,86.28,59.5,1,1,0,0,1,
117,11.67,85.02,57.6,1,1,0,0,1,
118,11.78,84.07,57.6,1,1,0,0,1,
119,11.82,83.81,58.1,1,1,0,0,1,
120,11.68,84.44,59.5,1,1,0,0,1,
121,11.71,84.59,57.6,1,1,0,0,1,
122,11.8,83.91,59.4,1,1,0,0,1,
123,11.69,84.8,62.2,1,1,0,0,1,
124,11.73,84.04,57.6,1,1,0,0,1,
125,11.74,84.37,54.5,1,1,0,0,1,
126,11.75,84.27,63.9,1,1,0,0,1,
127,11.99,82.65,62.2,1,1,0,0,1,
128,11.54,85.42,57.6,1,1,0,0,1,
129,11.79,84.1,56.3,1,1,0,0,1,
130,11.75,84.27,60.0,1,1,0,0,1,
131,11.83,83.81,57.6,1,1,0,0,1,
132,11.76,83.89,60.0,1,1,0,0,1,
133,11.81,83.87,62.2,1,1,0,0,1,
134,11.76,84.23,57.6,1,1,0,0,1,
135,11.85,83.64,54.8,1,1,0,0,1,
136,11.86,83.31,56.3,1,1,0,0,1,
137,11.04,89.72,66.7,1,1,0,0,1,
138,11.75,84.06,54.8,1,1,0,0,1,
139,11.63,85.21,60.0,1,1,0,0,1,
140,11.77,83.95,58.8,1,1,0,0,1,
141,11.6,84.61,62.2,1,1,0,0,1,
142,11.75,84.32,56.3,1,1,0,0,1,
143,11.82,83.81,53.3,1,1,0,0,1,
144,11.7,84.33,61.1,2,2,1,0,1,
145,11.82,83.88,56.3,1,1,0,0,1,
146,11.76,83.97,57.6,1,1,0,0,1,
147,11.87,83.49,60.0,1,1,0,0,1,
148,11.74,83.97,62.2,1,1,0,0,1,
149,11.67,84.95,60.0,2,2,0,0,1,
150,11.67,84.63,61.1,2,2,0,0,1,
151,11.56,85.71,58.8,1,1,0,0,1,
152,11.76,83.91,61.1,1,1,0,0,1,
153,11.83,83.33,60.0,1,1,0,0,1,
154,11.75,84.17,58.8,1,1,0,0,1,
155,11.81,83.79,58.1,1,1,0,0,1,
156,11.73,83.99,57.1,1,1,0,0,1,
157,11.83,83.69,58.1,1,1,0,0,1,
158,11.78,84.08,57.6,1,1,0,0,1,
159,11.82,83.61,60.0,1,1,0,0,1,
160,11.83,83.41,61.1,1,1,0,0,1,
161,11.7,84.71,60.0,1,1,0,0,1,
162,11.81,83.86,54.8,1,1,0,0,1,
163,11.62,85.13,62.2,1,1,0,0,1,
164,11.77,83.84,60.0,1,1,0,0,1,
165,11.71,84.73,58.8,1,1,0,0,1,
166,11.78,84.11,58.8,1,1,0,0,1,
167,11.77,83.93,56.3,1,1,0,0,1,
168,11.74,84.0,61.1,1,1,0,0,1,
169,11.71,84.64,58.8,1,1,0,0,1,
170,11.76,84.21,56.3,1,1,0,0,1,
171,11.73,84.31,62.2,1,1,0,0,1,
172,11.71,84.23,56.3,1,1,0,0,1,
173,11.69,84.74,54.8,1,1,0,0,1,
174,11.62,85.25,60.5,1,1,0,0,1,
175,11.76,84.02,56.3,1,1,0,0,1,
176,10.57,93.45,57.9,1,1,0,0,1,
177,11.79,84.13,58.8,1,1,0,0,1,
178,11.98,82.66,58.8,1,1,0,0,1,
179,11.8,83.74,58.8,1,1,0,0,1,
180,11.78,83.63,61.1,1,1,0,0,1,
181,11.81,83.85,60.0,1,1,0,0,1,
182,11.79,83.96,57.6,1,1,0,0,1,
183,11.79,83.82,62.9,1,1,0,0,1,
184,11.77,84.15,61.1,1,1,0,0,1,
185,11.84,83.62,58.8,1,1,0,0,1,
186,11.63,85.17,53.3,1,1,0,0,1,
187,11.72,84.22,58.8,1,1,0,0,1,
188,11.72,84.34,57.6,1,1,0,0,1,
189,11.85,83.67,60.0,1,1,0,0,1,
190,11.75,84.22,60.0,1,1,0,0,1,
191,11.8,83.84,57.6,1,1,0,0,1,
192,11.81,83.65,57.6,1,1,0,0,1,
193,11.81,83.86,58.8,1,1,0,0,1,
194,11.82,83.8,61.1,1,1,0,0,1,
195,11.87,83.28,58.8,1,1,0,0,1,
196,9.87,100.35,60.0,1,1,0,0,1,
197,11.83,83.74,57.6,1,1,0,0,1,
198,11.51,86.02,58.8,1,1,0,0,1,
199,11.79,83.84,56.3,1,1,0,0,1,
200,11.72,84.25,58.8,1,1,0,0,1,
201,11.9,83.34,56.3,1,1,0,0,1,
202,11.75,84.29,56.3,1,1,0,0,1,
203,11.82,83.63,56.3,1,1,0,0,1,
204,11.87,83.16,60.0,1,1,0,0,1,
205,11.84,83.69,60.0,1,1,0,0,1,
206,11.79,84.01,56.2,1,1,0,0,1,
207,11.72,84.31,56.3,1,1,0,0,1,
208,11.6,84.94,58.8,1,1,0,0,1,
209,11.57,85.72,56.3,1,1,0,0,1,
210,11.72,84.55,59.4,1,1,0,0,1,
211,11.8,83.73,56.3,1,1,0,0,1,
212,11.76,83.98,57.1,1,1,0,0,1,
213,11.78,84.18,60.6,1,1,0,0,1,
214,11.76,84.18,58.8,1,1,0,0,1,
215,11.84,83.43,56.2,1,1,0,0,1,
216,11.78,83.85,57.6,1,1,0,0,1,
217,11.73,84.46,57.6,1,1,0,0,1,
218,11.72,84.53,57.6,1,1,0,0,1,
219,11.76,84.07,60.0,1,1,0,0,1,
220,11.73,84.26,57.6,1,1,0,0,1,
221,11.52,86.09,58.8,1,1,0,0,1,
222,11.78,84.06,58.8,1,1,0,0,1,
223,11.76,84.07,54.8,1,1,0,0,1,
224,11.79,83.82,63.2,1,1,0,0,1,
225,11.85,83.74,57.6,1,1,0,0,1,
226,11.79,83.99,58.8,1,1,0,0,1,
227,11.76,84.05,54.8,1,1,0,0,1,
228,11.8,83.64,61.1,1,1,0,0,1,
229,11.81,83.91,58.8,1,1,0,0,1,
230,11.95,82.84,57.6,1,1,0,0,1,
231,11.76,84.09,58.8,1,1,0,0,1,
232,11.83,83.49,56.3,1,1,1,1,1,Person very close ahead
233,7.74,128.31,68.0,1,1,0,0,1,
234,11.45,86.44,57.6,1,1,0,0,1,
235,11.48,86.2,60.0,1,1,0,0,1,
236,11.51,85.77,58.8,1,1,0,0,1,
237,11.51,86.23,64.1,1,1,0,0,1,
238,11.62,85.33,54.8,1,1,0,0,1,
239,11.53,85.69,56.7,1,1,0,0,1,
240,11.58,85.57,62.2,1,1,0,0,1,
241,11.59,85.53,51.7,1,1,0,0,1,
242,11.64,85.12,58.8,1,1,0,0,1,
243,11.63,85.04,60.0,1,1,0,0,1,
244,11.34,87.38,61.8,1,1,0,0,1,
245,11.59,85.51,61.1,1,1,0,0,1,
246,11.59,85.43,63.2,1,1,0,0,1,
247,11.47,86.24,61.1,1,1,0,0,1,
248,11.62,85.29,58.1,1,1,0,0,1,
249,11.64,85.24,61.1,1,1,0,0,1,
250,11.62,85.28,58.8,1,1,0,0,1,
251,11.55,85.88,60.0,1,1,0,0,1,
252,11.5,85.96,62.9,1,1,0,0,1,
253,11.04,89.84,66.7,1,1,0,0,1,
254,11.55,85.73,57.6,1,1,0,0,1,
255,11.46,86.51,62.2,1,1,0,0,1,
256,11.5,85.96,62.2,1,1,0,0,1,
257,11.62,85.27,60.0,1,1,0,0,1,
258,8.77,113.12,61.4,1,1,0,0,1,
259,11.57,85.59,63.2,1,1,0,0,1,
260,11.57,85.56,58.8,1,1,0,0,2,
261,11.6,85.3,59.4,1,1,0,0,2,
262,11.54,85.74,63.2,1,1,0,0,2,
263,11.61,85.23,54.8,1,1,0,0,2,
264,11.56,85.18,57.6,1,1,0,0,2,
265,11.56,85.61,62.2,1,1,0,0,2,
266,11.63,85.08,54.8,1,1,0,0,2,
267,11.5,86.14,57.6,1,1,0,0,2,
268,11.6,84.88,62.2,1,1,0,0,2,
269,11.66,84.88,59.4,1,1,0,0,2,
270,11.49,86.09,58.3,1,1,0,0,2,
271,11.59,85.41,61.8,1,1,0,0,2,
272,11.52,85.53,51.6,1,1,0,0,2,
273,11.61,85.25,61.1,1,1,0,0,2,
274,11.66,84.77,62.9,1,1,0,0,2,
275,11.63,85.13,58.8,1,1,0,0,2,
276,11.52,85.53,61.1,1,1,0,0,2,
277,11.65,84.92,54.8,1,1,0,0,2,
278,11.47,86.27,58.8,1,1,0,0,2,
279,11.66,84.89,61.1,1,1,0,0,2,
280,11.58,85.03,54.8,1,1,0,0,2,
281,11.65,85.01,58.8,1,1,0,0,2,
282,11.6,85.24,53.3,1,1,0,0,2,
283,11.61,85.23,60.0,1,1,0,0,2,
284,11.55,85.27,61.1,1,1,0,0,2,
285,11.52,85.95,58.8,1,1,0,0,2,
286,11.6,85.26,56.3,1,1,0,0,2,
287,11.6,85.34,61.8,1,1,0,0,2,
288,11.63,85.11,58.8,1,1,0,0,2,
289,11.62,85.1,57.6,1,1,0,0,2,
290,11.39,86.89,61.1,1,1,0,0,2,
291,11.61,85.27,57.6,1,1,0,0,2,
292,11.5,85.59,58.8,1,1,0,0,2,
293,11.62,85.19,63.2,1,1,0,0,2,
294,11.59,85.39,57.6,1,1,0,0,2,
295,11.63,85.1,61.1,1,1,0,0,2,
296,11.58,85.04,58.8,1,1,0,0,2,
297,11.59,85.42,57.6,1,1,0,0,2,
298,11.61,85.17,62.2,1,1,0,0,2,
299,11.58,85.48,56.3,1,1,0,0,2,
300,11.61,84.79,58.8,1,1,0,0,2,
301,11.4,86.68,63.2,1,1,0,0,2,
302,11.59,85.36,60.6,1,1,0,0,2,
303,11.62,85.16,58.8,1,1,0,0,2,
304,11.5,85.63,60.0,1,1,0,0,2,
305,11.67,84.84,60.0,1,1,0,0,2,
306,11.88,83.24,62.2,1,1,0,0,2,
307,11.76,84.2,57.6,1,1,0,0,2,
308,11.58,85.04,61.1,1,1,0,0,2,
309,11.69,84.67,60.0,1,1,0,0,2,
310,11.64,84.99,61.8,1,1,0,0,2,
311,10.33,95.94,66.7,1,1,0,0,2,
312,11.62,84.87,56.3,1,1,0,0,2,
313,11.46,86.53,58.8,1,1,0,0,2,
314,11.65,84.96,62.2,1,1,0,0,2,
315,11.72,84.46,57.6,1,1,0,0,2,
316,11.49,85.73,65.8,1,1,0,0,2,
317,11.78,84.01,54.8,1,1,0,0,2,
318,11.81,83.77,61.1,1,1,0,0,2,
319,11.81,83.82,57.6,1,1,0,0,2,
320,11.75,83.84,57.6,1,1,0,0,2,
321,11.75,84.24,58.8,1,1,0,0,2,
322,11.82,83.65,62.2,1,1,0,0,2,
323,11.63,85.07,61.8,1,1,0,0,2,
324,11.5,85.63,62.2,1,1,0,0,2,
325,11.78,83.98,53.3,1,1,0,0,2,
326,11.79,83.93,60.0,1,1,0,0,2,
327,11.78,84.02,58.8,1,1,0,0,2,
328,11.78,83.57,58.8,1,1,0,0,2,
329,11.75,84.23,56.3,2,2,1,0,2,
330,11.81,83.8,62.2,2,2,0,0,2,
331,11.75,84.26,54.8,2,2,0,0,2,
332,11.67,84.42,62.2,1,1,0,0,2,
333,11.76,84.14,61.1,1,1,0,0,2,
334,11.76,84.09,56.3,1,1,0,0,2,
335,11.82,83.72,56.3,1,1,0,0,2,
336,11.48,85.8,64.9,1,1,0,0,2,
337,11.85,83.49,60.0,1,1,0,0,2,
338,11.78,83.88,60.0,1,1,0,0,2,
339,11.77,84.04,60.0,1,1,0,0,2,
340,11.72,84.0,53.3,1,1,0,0,2,
341,11.78,84.06,60.0,1,1,0,0,2,
342,11.76,84.09,58.8,1,1,0,0,2,
343,11.69,84.71,56.3,1,1,0,0,2,
344,11.77,83.71,61.1,1,1,0,0,2,
345,11.75,84.29,58.1,1,1,0,0,2,
346,11.78,83.94,56.3,1,1,0,0,2,
347,11.51,86.01,61.1,1,1,1,1,2,Person very close ahead
348,11.53,85.39,61.1,1,1,0,0,2,
349,11.72,84.36,57.6,1,1,0,0,2,
350,11.84,83.6,53.3,1,1,0,0,2,
351,11.82,83.72,61.1,1,1,0,0,2,
352,11.7,84.16,58.8,1,1,0,0,2,
353,11.76,84.21,56.3,1,1,0,0,2,
354,11.76,84.17,61.1,1,1,0,0,2,
355,11.62,85.18,58.8,1,1,0,0,2,
356,11.77,83.69,58.8,1,1,0,0,2,
357,11.78,84.03,61.1,1,1,0,0,2,
358,11.76,84.07,56.3,1,1,0,0,2,
359,11.71,84.57,57.6,1,1,0,0,2,
360,11.56,84.74,57.6,1,1,0,0,2,
361,11.73,84.28,61.1,1,1,0,0,2,
362,11.71,84.56,58.8,1,1,0,0,2,
363,11.75,84.23,56.3,1,1,0,0,2,
364,11.69,84.23,62.2,1,1,0,0,2,
365,11.74,84.29,57.6,1,1,0,0,2,
366,11.76,84.13,54.8,1,1,0,0,2,
367,11.73,84.43,63.2,1,1,0,0,2,
368,11.73,84.12,57.6,1,1,0,0,2,
369,10.43,95.18,65.7,1,1,0,0,2,
370,11.75,84.33,60.0,1,1,0,0,2,
371,11.52,86.04,63.2,1,1,0,0,2,
372,11.68,84.65,62.2,1,1,0,0,2,
373,11.71,84.64,62.9,1,1,0,0,2,
374,11.78,84.02,54.8,1,1,0,0,2,
375,11.79,84.03,62.2,1,1,0,0,2,
376,11.73,84.25,58.8,1,1,0,0,2,
377,11.81,83.89,57.6,1,1,0,0,2,
378,11.71,84.58,63.2,1,1,0,0,2,
379,11.73,84.48,58.8,1,1,0,0,2,
380,11.71,84.43,56.3,1,1,0,0,2,
381,11.51,86.21,63.2,1,1,0,0,2,
382,11.74,84.37,61.1,1,1,0,0,2,
383,11.65,85.11,61.8,1,1,0,0,2,
384,11.65,84.82,58.8,1,1,0,0,2,
385,11.77,84.22,58.8,1,1,0,0,2,
386,11.76,84.22,57.6,1,1,0,0,2,
387,11.74,84.41,58.8,1,1,0,0,2,
388,11.74,84.19,57.6,1,1,0,0,2,
389,11.77,84.22,57.6,1,1,0,0,2,
390,11.74,84.33,61.1,1,1,0,0,2,
391,11.72,84.49,58.8,1,1,0,0,2,
392,11.74,84.24,56.3,1,1,0,0,2,
393,11.73,84.59,58.8,1,1,0,0,2,
394,11.59,85.49,60.6,1,1,0,0,2,
395,11.7,84.72,60.0,1,1,0,0,2,
396,11.7,84.43,56.3,1,1,0,0,2,
397,11.73,84.46,60.0,1,1,0,0,2,
398,11.78,84.03,58.8,1,1,0,0,2,
399,11.74,84.43,56.2,1,1,0,0,2,
400,11.71,84.36,63.2,1,1,0,0,2,
401,11.69,84.77,57.6,1,1,0,0,2,
402,11.72,84.53,53.3,2,2,1,0,2,
403,11.73,84.47,62.2,1,1,0,0,2,
404,11.72,84.35,57.6,1,1,0,0,2,
405,11.75,84.31,60.0,1,1,0,0,2,
406,11.52,85.89,60.6,1,1,0,0,2,
407,11.76,84.25,62.2,1,1,0,0,2,
408,11.72,84.44,60.0,1,1,0,0,2,
409,11.9,83.11,56.3,1,1,0,0,2,
410,11.83,83.69,56.3,1,1,0,0,2,
411,11.79,84.0,58.8,1,1,0,0,2,
412,11.79,83.92,60.0,1,1,0,0,2,
413,11.77,84.12,61.8,1,1,0,0,2,
414,11.84,83.64,58.8,1,1,0,0,2,
415,11.77,84.16,61.1,1,1,0,0,2,
416,11.77,84.07,60.0,1,1,0,0,2,
417,11.84,83.78,60.0,1,1,0,0,2,
418,11.58,85.57,58.1,1,1,0,0,2,
419,11.79,84.02,58.8,1,1,0,0,2,
420,11.79,83.9,57.6,1,1,0,0,2,
421,11.75,84.19,57.6,1,1,0,0,2,
422,11.82,83.73,63.2,1,1,0,0,2,
423,11.8,83.92,56.3,1,1,0,0,2,
424,11.78,84.03,57.6,1,1,0,0,2,
425,11.77,84.15,61.8,1,1,0,0,2,
426,11.84,83.54,62.2,1,1,0,0,2,
427,10.41,95.19,62.5,1,1,0,0,2,
428,11.66,84.77,60.6,1,1,0,0,2,
429,11.6,85.31,58.8,1,1,0,0,2,
430,11.74,84.39,58.8,1,1,0,0,2,
431,11.76,84.28,58.8,1,1,0,0,2,
432,11.75,84.36,56.3,1,1,0,0,2,
433,11.75,84.31,58.8,1,1,0,0,2,
434,11.77,84.16,60.0,1,1,0,0,2,
435,11.74,84.42,57.6,1,1,0,0,2,
436,11.72,84.29,53.3,1,1,0,0,2,
437,11.73,84.48,60.0,1,1,0,0,2,
438,11.77,84.14,58.8,1,1,0,0,2,
439,11.64,85.14,56.7,1,1,0,0,2,
440,11.68,84.6,58.8,1,1,0,0,2,
441,11.58,85.68,60.0,1,1,0,0,2,
442,11.69,84.71,57.6,1,1,0,0,2,
443,11.76,84.23,58.8,1,1,0,0,2,
444,11.71,84.34,58.8,1,1,0,0,2,
445,11.76,84.24,60.0,1,1,0,0,2,
446,11.71,84.55,59.4,1,1,0,0,2,
447,11.8,83.93,57.6,1,1,0,0,2,
448,11.67,84.59,61.1,1,1,0,0,2,
449,11.79,84.04,58.8,1,1,0,0,2,
450,11.77,84.15,57.6,1,1,0,0,2,
451,11.73,84.45,57.6,1,1,0,0,2,
452,11.76,83.95,61.1,1,1,0,0,2,
453,11.66,85.07,61.8,1,1,0,0,2,
454,11.67,84.89,60.0,1,1,0,0,2,
455,11.74,84.4,58.8,1,1,0,0,2,
456,11.73,84.2,56.3,1,1,0,0,2,
457,11.77,84.19,60.0,1,1,0,0,2,
458,11.76,84.18,60.6,1,1,0,0,2,
459,11.79,84.03,58.8,1,1,0,0,2,
460,11.78,83.9,56.3,1,1,0,0,2,
461,11.8,83.97,58.8,1,1,0,0,2,
462,11.84,83.62,60.0,1,1,0,0,2,
463,11.8,83.96,57.6,1,1,0,0,2,
464,11.8,83.75,55.2,1,1,1,1,2,Person very close ahead
465,8.72,113.92,78.3,1,1,0,0,2,
466,10.92,90.86,63.9,1,1,0,0,2,
467,11.6,85.45,59.4,1,1,0,0,2,
468,11.61,85.26,60.0,1,1,0,0,2,
469,11.6,85.33,65.0,1,1,0,0,2,
470,11.65,84.95,54.8,1,1,0,0,2,
471,11.53,85.88,57.6,1,1,0,0,2,
472,11.64,85.02,63.2,1,1,0,0,2,
473,11.67,84.94,59.4,1,1,0,0,2,
474,11.66,84.96,61.1,1,1,0,0,2,
475,11.61,85.33,57.6,1,1,0,0,2,
476,11.51,86.01,61.1,1,1,0,0,2,
477,11.64,85.16,61.8,1,1,0,0,2,
478,11.64,85.11,59.4,1,1,0,0,2,
479,11.64,85.11,63.2,1,1,0,0,2,
480,11.67,84.81,56.3,1,1,0,0,2,
481,11.6,85.28,62.9,1,1,0,0,2,
482,11.63,85.02,56.3,1,1,0,0,2,
483,11.66,85.02,61.1,1,1,0,0,2,
484,11.6,85.23,58.1,1,1,0,0,2,
485,10.38,95.53,64.1,1,1,0,0,2,
486,11.63,85.13,61.1,1,1,0,0,2,
487,10.19,97.39,55.3,1,1,0,0,2,
488,11.5,86.03,56.3,1,1,0,0,2,
489,11.65,84.97,61.1,1,1,0,0,2,
490,11.62,85.25,61.1,1,1,0,0,2,
491,9.06,109.55,66.7,2,2,1,0,2,
492,11.56,85.75,63.2,1,1,0,0,2,
493,11.57,85.68,58.8,1,1,0,0,3,
494,11.51,86.03,57.6,1,1,0,0,3,
495,11.58,85.58,61.1,1,1,0,0,3,
496,11.32,87.55,60.0,1,1,0,0,3,
497,11.6,85.47,61.1,1,1,0,0,3,
498,11.36,87.24,56.2,1,1,0,0,3,
499,11.56,85.73,56.3,1,1,0,0,3,
500,11.61,85.31,61.1,1,1,0,0,3,
501,11.62,85.43,58.8,1,1,0,0,3,
502,11.52,85.99,57.6,1,1,0,0,3,
503,11.65,85.06,60.0,1,1,0,0,3,
504,11.62,85.28,57.6,1,1,0,0,3,
505,11.68,84.91,56.3,1,1,0,0,3,
506,11.58,85.54,62.2,1,1,0,0,3,
507,11.65,85.11,60.6,1,1,0,0,3,
508,11.6,85.46,60.0,1,1,0,0,3,
509,11.61,85.34,57.6,1,1,0,0,3,
510,11.57,85.65,61.1,1,1,0,0,3,
511,11.38,87.14,51.6,1,1,0,0,3,
512,11.82,83.83,56.3,1,1,0,0,3,
513,11.67,85.01,60.0,1,1,0,0,3,
514,11.78,84.07,59.4,1,1,0,0,3,
515,11.65,85.07,57.6,1,1,0,0,3,
516,11.74,84.42,60.0,1,1,0,0,3,
517,11.68,84.84,58.8,1,1,0,0,3,
518,11.77,84.12,61.1,1,1,0,0,3,
519,11.69,84.74,60.6,1,1,0,0,3,
520,11.67,84.88,60.0,1,1,0,0,3,
521,11.66,84.98,57.6,1,1,0,0,3,
522,11.61,85.31,58.8,1,1,0,0,3,
523,11.7,84.69,57.6,1,1,0,0,3,
524,11.81,83.84,59.4,1,1,0,0,3,
525,11.7,84.81,61.1,1,1,0,0,3,
526,11.8,83.91,58.8,1,1,0,0,3,
527,11.63,85.21,56.3,1,1,0,0,3,
528,11.7,84.7,62.2,1,1,0,0,3,
529,11.74,84.42,59.4,1,1,0,0,3,
530,11.77,84.16,63.2,1,1,0,0,3,
531,11.7,84.68,61.1,1,1,0,0,3,
532,11.82,83.81,57.6,1,1,0,0,3,
533,11.53,86.01,60.0,1,1,0,0,3,
534,11.7,84.69,60.6,1,1,0,0,3,
535,11.69,84.8,58.8,1,1,0,0,3,
536,11.76,84.22,57.6,1,1,0,0,3,
537,11.74,84.47,58.8,1,1,0,0,3,
538,11.7,84.67,58.8,1,1,0,0,3,
539,11.67,84.9,58.1,1,1,0,0,3,
540,11.74,84.41,63.2,1,1,0,0,3,
541,11.65,85.04,61.1,1,1,0,0,3,
542,11.69,84.74,61.1,1,1,0,0,3,
543,11.07,89.53,66.7,1,1,0,0,3,
544,11.72,84.49,63.2,1,1,0,0,3,
545,11.54,85.9,61.8,1,1,0,0,3,
546,11.67,84.86,61.1,1,1,0,0,3,
547,11.66,85.06,56.3,1,1,0,0,3,
548,11.7,84.69,61.1,1,1,0,0,3,
549,11.45,86.63,59.4,1,1,0,0,3,
550,11.69,84.52,57.6,1,1,0,0,3,
551,11.68,84.83,61.1,1,1,0,0,3,
552,11.79,84.04,57.6,1,1,0,0,3,
553,11.77,84.18,57.6,1,1,0,0,3,
554,11.73,84.45,60.0,1,1,0,0,3,
555,11.61,85.32,62.9,1,1,0,0,3,
556,11.57,85.45,61.1,1,1,0,0,3,
557,11.74,84.41,57.6,1,1,0,0,3,
558,11.72,84.47,58.8,1,1,0,0,3,
559,11.74,84.43,58.8,1,1,0,0,3,
560,11.78,83.85,57.6,1,1,0,0,3,
561,11.74,84.5,60.0,1,1,0,0,3,
562,11.86,83.48,63.9,1,1,0,0,3,
563,11.73,84.45,58.8,1,1,0,0,3,
564,11.76,83.99,57.6,1,1,0,0,3,
565,11.75,84.33,64.1,1,1,0,0,3,
566,11.68,84.77,57.6,1,1,0,0,3,
567,11.67,84.91,61.1,1,1,0,0,3,
568,11.55,85.48,57.6,1,1,0,0,3,
569,11.78,84.13,62.2,1,1,0,0,3,
570,11.66,84.96,61.1,1,1,0,0,3,
571,11.7,84.65,61.1,1,1,0,0,3,
572,11.72,84.33,56.3,1,1,0,0,3,
573,11.73,84.54,54.8,1,1,0,0,3,
574,11.73,84.44,62.2,1,1,0,0,3,
575,11.7,84.68,58.8,1,1,0,0,3,
576,11.7,84.41,61.1,1,1,0,0,3,
577,11.73,84.52,56.3,1,1,0,0,3,
578,11.72,84.5,57.6,1,1,0,0,3,
579,11.77,84.18,60.0,1,1,0,0,3,
580,11.52,85.78,61.1,1,1,1,1,3,Person very close ahead
581,11.7,84.68,63.9,1,1,0,0,3,
582,11.72,84.49,60.0,1,1,0,0,3,
583,11.71,84.63,61.1,1,1,0,0,3,
584,11.77,83.97,57.6,1,1,0,0,3,
585,11.74,84.49,58.8,1,1,0,0,3,
586,11.72,84.5,57.6,1,1,0,0,3,
587,11.77,84.18,57.6,1,1,0,0,3,
588,11.89,83.02,54.8,1,1,0,0,3,
589,11.83,83.76,57.6,1,1,0,0,3,
590,11.72,84.54,61.8,1,1,0,0,3,
591,11.71,84.61,60.0,1,1,0,0,3,
592,11.54,85.61,61.1,1,1,0,0,3,
593,11.77,84.19,57.6,1,1,0,0,3,
594,11.78,84.02,57.6,1,1,0,0,3,
595,11.81,83.92,61.1,1,1,0,0,3,
596,11.8,83.73,61.1,1,1,0,0,3,
597,11.79,84.13,56.3,1,1,0,0,3,
598,11.72,84.5,57.6,1,1,0,0,3,
599,11.76,84.28,63.9,1,1,0,0,3,
600,11.75,84.06,57.6,1,1,0,0,3,
601,10.07,98.55,59.5,1,1,0,0,3,
602,11.74,84.25,58.8,1,1,0,0,3,
603,11.65,85.07,57.6,1,1,0,0,3,
604,11.69,84.59,57.6,1,1,0,0,3,
605,11.82,83.85,57.6,1,1,0,0,3,
606,11.76,84.24,62.2,1,1,0,0,3,
607,11.82,83.77,57.6,1,1,0,0,3,
608,11.76,84.11,56.3,1,1,0,0,3,
609,11.82,83.77,60.0,1,1,0,0,3,
610,11.83,83.63,64.9,1,1,0,0,3,
611,11.79,83.9,56.3,1,1,0,0,3,
612,11.7,84.55,56.3,1,1,0,0,3,
613,11.54,85.87,62.2,1,1,0,0,3,
614,11.84,83.66,56.7,1,1,0,0,3,
615,11.48,86.24,61.1,1,1,0,0,3,
616,11.71,84.52,60.0,1,1,0,0,3,
617,11.79,83.99,58.8,1,1,0,0,3,
618,11.77,84.07,57.6,1,1,0,0,3,
619,11.76,84.2,54.8,1,1,0,0,3,
620,11.82,83.79,61.1,1,1,0,0,3,
621,11.76,84.17,57.6,1,1,0,0,3,
622,11.72,84.43,54.8,1,1,0,0,3,
623,11.82,83.75,60.6,1,1,0,0,3,
624,11.78,83.93,58.8,1,1,0,0,3,
625,11.69,84.61,58.8,1,1,0,0,3,
626,11.67,84.79,62.2,1,1,0,0,3,
627,11.67,84.71,57.6,1,1,0,0,3,
628,11.75,84.18,58.8,1,1,0,0,3,
629,11.75,84.2,54.8,1,1,0,0,3,
630,11.72,84.38,56.3,1,1,0,0,3,
631,11.71,84.47,63.2,1,1,0,0,3,
632,11.77,84.02,58.8,1,1,0,0,3,
633,11.72,84.47,54.8,1,1,0,0,3,
634,11.71,84.47,62.2,1,1,0,0,3,
635,11.79,83.96,57.6,1,1,0,0,3,
636,11.81,83.73,57.6,1,1,0,0,3,
637,11.78,83.96,57.6,1,1,0,0,3,
638,11.61,85.19,60.0,1,1,0,0,3,
639,11.9,83.14,57.6,1,1,0,0,3,
640,11.76,84.1,61.1,1,1,0,0,3,
641,11.76,84.08,61.1,1,1,0,0,3,
642,11.83,83.71,57.6,1,1,0,0,3,
643,11.84,83.66,58.1,1,1,0,0,3,
644,11.77,84.19,58.8,1,1,0,0,3,
645,11.71,84.72,61.1,1,1,0,0,3,
646,11.71,84.57,58.8,1,1,0,0,3,
647,11.81,83.92,58.8,1,1,0,0,3,
648,11.83,83.76,62.2,1,1,0,0,3,
649,11.84,83.7,58.8,1,1,0,0,3,
650,11.62,85.2,58.8,1,1,0,0,3,
651,11.81,83.92,61.1,1,1,0,0,3,
652,11.85,83.62,57.6,1,1,0,0,3,
653,11.89,83.35,60.6,1,1,0,0,3,
654,11.77,84.11,58.8,1,1,0,0,3,
655,11.81,83.91,57.6,1,1,0,0,3,
656,11.84,83.72,60.0,1,1,0,0,3,
657,11.78,84.18,60.0,1,1,0,0,3,
658,11.74,84.35,58.8,1,1,0,0,3,
659,11.6,85.43,61.1,1,1,0,0,3,
660,10.89,90.97,61.1,1,1,0,0,3,
661,11.75,83.94,60.0,1,1,0,0,3,
662,11.5,86.19,61.1,1,1,0,0,3,
663,11.83,83.76,58.1,1,1,0,0,3,
664,11.89,83.3,57.6,1,1,0,0,3,
665,11.79,84.04,63.2,1,1,0,0,3,
666,11.8,83.94,60.0,1,1,0,0,3,
667,11.75,84.35,60.0,1,1,0,0,3,
668,11.72,84.52,54.8,1,1,0,0,3,
669,11.78,84.22,64.9,1,1,0,0,3,
670,11.72,84.53,56.3,1,1,0,0,3,
671,11.51,86.13,58.8,1,1,0,0,3,
672,11.7,84.73,58.8,1,1,0,0,3,
673,11.6,85.46,62.2,1,1,0,0,3,
674,11.72,84.53,56.3,1,1,0,0,3,
675,11.76,84.29,62.2,1,1,0,0,3,
676,11.72,84.47,56.3,1,1,0,0,3,
677,11.76,84.27,58.1,1,1,0,0,3,
678,11.77,84.04,63.2,1,1,0,0,3,
679,11.75,84.27,57.6,1,1,0,0,3,
680,11.75,84.21,56.3,1,1,0,0,3,
681,11.68,84.73,63.2,1,1,0,0,3,
682,11.75,84.19,56.3,1,1,0,0,3,
683,11.79,83.99,58.8,1,1,0,0,3,
684,11.74,84.27,61.1,1,1,0,0,3,
685,11.6,85.28,58.8,1,1,0,0,3,
686,11.74,84.23,61.1,1,1,0,0,3,
687,11.75,84.21,56.3,1,1,0,0,3,
688,11.74,84.24,56.7,1,1,0,0,3,
689,11.77,84.09,61.1,1,1,0,0,3,
690,11.91,83.08,61.1,1,1,0,0,3,
691,11.76,84.13,57.6,1,1,0,0,3,
692,11.75,84.2,57.6,1,1,0,0,3,
693,11.76,84.15,57.6,1,1,0,0,3,
694,11.8,83.83,58.8,1,1,0,0,3,
695,11.72,84.44,58.8,1,1,0,0,3,
696,11.55,85.65,61.8,1,1,0,0,3,
697,11.52,85.87,61.1,1,1,1,1,3,Person very close ahead
698,7.82,126.75,72.0,1,1,0,0,3,
699,11.17,88.42,55.9,1,1,0,0,3,
700,11.34,87.27,62.2,1,1,0,0,3,
701,11.39,86.97,61.5,1,1,0,0,3,
702,11.37,87.08,58.8,1,1,0,0,3,
703,11.35,87.23,57.1,1,1,0,0,3,
704,11.44,86.53,58.8,1,1,0,0,3,
705,11.25,87.01,58.3,1,1,0,0,3,
706,11.51,85.81,60.6,1,1,0,0,3,
707,11.34,86.83,57.1,1,1,0,0,3,
708,11.22,88.19,59.5,1,1,0,0,3,
709,11.54,85.9,54.8,1,1,0,0,3,
710,11.36,87.0,60.0,1,1,0,0,3,
711,11.52,85.9,56.3,1,1,0,0,3,
712,11.5,86.17,63.2,1,1,0,0,3,
713,11.46,86.55,63.2,1,1,0,0,3,
714,11.47,86.02,57.1,1,1,0,0,3,
715,11.43,86.79,57.6,1,1,0,0,3,
716,11.51,86.05,57.6,1,1,0,0,3,
717,9.32,106.38,61.0,1,1,0,0,3,
718,11.44,86.44,57.6,1,1,0,0,3,
719,11.24,87.96,57.1,1,1,0,0,3,
720,11.44,86.35,58.8,1,1,0,0,3,
721,11.47,86.45,58.8,1,1,0,0,3,
722,10.94,90.28,62.2,1,1,0,0,3,
723,9.63,102.59,68.3,1,1,0,0,3,
724,11.57,85.56,57.6,1,1,0,0,3,
725,11.58,85.42,57.1,1,1,0,0,4,
726,11.4,86.68,56.3,1,1,0,0,4,
727,11.51,85.78,60.0,1,1,0,0,4,
728,11.32,87.48,58.8,1,1,0,0,4,
729,11.57,85.7,60.0,1,1,0,0,4,
730,11.33,86.84,57.1,1,1,0,0,4,
731,11.39,86.96,61.1,1,1,0,0,4,
732,11.55,85.67,61.1,1,1,0,0,4,
733,11.59,85.35,62.2,1,1,0,0,4,
734,11.38,86.66,56.2,1,1,0,0,4,
735,11.54,85.92,58.8,1,1,0,0,4,
736,11.51,85.86,55.9,1,1,0,0,4,
737,11.6,85.43,60.0,1,1,0,0,4,
738,11.56,85.33,57.6,1,1,0,0,4,
739,11.6,85.48,58.8,1,1,0,0,4,
740,11.6,85.29,56.3,1,1,0,0,4,
741,9.98,99.31,57.5,1,1,0,0,4,
742,11.42,86.15,55.9,1,1,0,0,4,
743,11.48,86.19,57.6,1,1,0,0,4,
744,11.55,85.72,57.6,1,1,0,0,4,
745,11.23,87.93,57.1,1,1,0,0,4,
746,11.56,85.66,57.6,1,1,0,0,4,
747,11.36,86.88,54.5,1,1,0,0,4,
748,11.45,86.52,62.2,1,1,0,0,4,
749,11.51,85.99,61.1,1,1,0,0,4,
750,11.38,86.51,59.5,1,1,0,0,4,
751,11.39,86.45,61.5,1,1,0,0,4,
752,11.47,86.27,54.8,1,1,0,0,4,
753,11.43,86.63,56.3,1,1,0,0,4,
754,11.46,85.87,58.8,1,1,0,0,4,
755,11.55,85.72,57.1,1,1,0,0,4,
756,11.51,85.98,57.6,1,1,0,0,4,
757,11.49,86.09,61.1,1,1,0,0,4,
758,11.4,86.32,59.5,1,1,0,0,4,
759,11.48,86.24,57.6,1,1,0,0,4,
760,11.48,86.2,57.6,1,1,0,0,4,
761,11.57,85.48,54.5,1,1,0,0,4,
762,11.43,86.2,57.6,1,1,0,0,4,
763,11.52,86.1,61.1,1,1,0,0,4,
764,11.3,87.66,57.1,1,1,0,0,4,
765,11.48,86.41,61.1,1,1,0,0,4,
766,11.61,85.17,57.6,1,1,0,0,4,
767,11.55,85.68,61.1,1,1,0,0,4,
768,11.55,85.7,64.1,1,1,0,0,4,
769,11.57,85.62,56.3,1,1,0,0,4,
770,11.53,85.71,58.3,1,1,0,0,4,
771,11.56,85.61,60.0,1,1,0,0,4,
772,11.52,86.0,60.0,1,1,0,0,4,
773,11.61,85.36,54.8,1,1,0,0,4,
774,11.04,89.41,67.6,1,1,0,0,4,
775,11.51,85.98,60.5,1,1,0,0,4,
776,11.38,86.99,62.2,1,1,0,0,4,
777,11.6,85.25,54.8,1,1,0,0,4,
778,11.49,85.93,58.8,1,1,0,0,4,
779,11.49,86.08,55.9,1,1,0,0,4,
780,10.26,96.56,56.8,1,1,0,0,4,
781,11.75,84.17,58.8,1,1,0,0,4,
782,11.7,84.52,58.8,1,1,0,0,4,
783,11.68,84.75,55.9,1,1,0,0,4,
784,11.69,84.59,54.8,1,1,0,0,4,
785,11.43,86.62,62.2,1,1,0,0,4,
786,11.71,84.09,64.1,1,1,0,0,4,
787,11.48,86.35,58.8,1,1,0,0,4,
788,11.74,84.34,60.0,1,1,0,0,4,
789,11.82,83.91,56.3,1,1,0,0,4,
790,11.75,84.06,57.6,1,1,0,0,4,
791,11.8,83.97,62.2,1,1,0,0,4,
792,11.98,82.66,61.1,1,1,0,0,4,
793,11.82,83.7,58.1,1,1,0,0,4,
794,11.75,84.06,54.5,1,1,0,0,4,
795,11.83,83.74,60.6,1,1,0,0,4,
796,11.88,83.26,60.0,1,1,0,0,4,
797,11.82,83.88,58.8,1,1,0,0,4,
798,11.81,83.76,56.3,1,1,0,0,4,
799,11.51,85.88,60.0,1,1,0,0,4,
800,11.83,83.66,56.2,1,1,0,0,4,
801,11.83,83.81,57.6,1,1,0,0,4,
802,11.78,84.0,56.3,1,1,0,0,4,
803,11.78,83.93,60.0,1,1,0,0,4,
804,11.79,84.05,56.3,1,1,0,0,4,
805,11.8,83.97,56.3,1,1,0,0,4,
806,11.82,83.55,56.3,1,1,0,0,4,
807,11.69,84.57,62.2,1,1,0,0,4,
808,11.74,84.39,57.6,1,1,0,0,4,
809,11.75,84.32,56.3,1,1,0,0,4,
810,11.69,84.69,60.0,1,1,0,0,4,
811,11.59,85.36,57.6,1,1,1,1,4,Person very close ahead
812,11.87,83.35,62.2,1,1,0,0,4,
813,11.9,83.36,60.0,1,1,0,0,4,
814,11.85,83.45,57.6,1,1,0,0,4,
815,11.85,83.57,58.1,1,1,0,0,4,
816,11.81,83.86,56.3,1,1,0,0,4,
817,11.74,84.3,60.0,1,1,0,0,4,
818,11.81,83.26,55.9,1,1,0,0,4,
819,11.82,83.78,60.6,1,1,0,0,4,
820,11.86,83.36,56.3,1,1,0,0,4,
821,11.9,83.3,57.6,1,1,0,0,4,
822,11.62,84.89,54.8,1,1,0,0,4,
823,11.9,83.16,56.3,1,1,0,0,4,
824,11.78,84.04,57.6,1,1,0,0,4,
825,11.91,83.1,60.0,1,1,0,0,4,
826,11.79,83.75,57.6,1,1,0,0,4,
827,11.8,83.82,61.1,1,1,0,0,4,
828,11.8,83.77,57.6,1,1,0,0,4,
829,11.84,83.57,57.6,1,1,0,0,4,
830,11.86,83.26,56.3,1,1,0,0,4,
831,11.83,83.76,58.8,1,1,0,0,4,
832,10.2,97.17,64.3,1,1,0,0,4,
833,11.83,83.58,57.6,1,1,0,0,4,
834,11.57,85.59,56.3,1,1,0,0,4,
835,11.81,83.88,58.8,1,1,0,0,4,
836,11.87,83.43,56.3,1,1,0,0,4,
837,11.71,83.84,63.2,1,1,0,0,4,
838,11.78,83.66,58.8,1,1,0,0,4,
839,11.89,83.37,56.7,1,1,0,0,4,
840,11.85,83.54,56.3,1,1,0,0,4,
841,11.83,83.41,58.8,1,1,0,0,4,
842,11.85,83.62,57.6,1,1,0,0,4,
843,11.94,82.98,62.2,1,1,0,0,4,
844,11.56,85.68,61.8,1,1,0,0,4,
845,11.78,83.8,61.1,1,1,0,0,4,
846,11.69,84.63,60.0,1,1,0,0,4,
847,11.8,83.91,56.3,1,1,0,0,4,
848,11.83,83.67,57.6,1,1,0,0,4,
849,11.6,84.3,57.1,1,1,0,0,4,
850,11.86,83.45,59.4,1,1,0,0,4,
851,11.73,84.4,56.3,1,1,0,0,4,
852,11.81,83.76,61.1,1,1,0,0,4,
853,11.74,83.97,58.3,1,1,0,0,4,
854,11.8,83.9,58.1,1,1,0,0,4,
855,11.82,83.58,60.0,1,1,0,0,4,
856,11.76,84.36,61.1,1,1,0,0,4,
857,11.52,86.01,58.8,1,1,0,0,4,
858,11.77,83.78,58.8,1,1,0,0,4,
859,11.73,84.35,57.6,1,1,0,0,4,
860,11.82,83.69,60.0,1,1,0,0,4,
861,11.8,83.89,62.2,1,1,0,0,4,
862,11.74,83.82,58.8,1,1,0,0,4,
863,11.84,83.59,57.6,1,1,0,0,4,
864,11.73,84.35,62.2,1,1,0,0,4,
865,11.87,83.34,61.1,1,1,0,0,4,
866,11.7,84.16,57.6,1,1,0,0,4,
867,11.83,83.79,57.6,1,1,0,0,4,
868,11.77,84.14,58.8,1,1,0,0,4,
869,11.69,84.83,61.1,1,1,0,0,4,
870,11.71,84.29,54.8,1,1,0,0,4,
871,11.88,83.34,58.8,1,1,0,0,4,
872,11.75,84.16,58.8,1,1,0,0,4,
873,11.81,84.0,57.6,1,1,0,0,4,
874,11.84,83.39,56.3,1,1,0,0,4,
875,11.8,83.78,60.0,1,1,0,0,4,
876,11.78,84.05,61.1,1,1,0,0,4,
877,11.81,83.94,58.8,1,1,0,0,4,
878,11.82,83.61,57.6,1,1,0,0,4,
879,11.78,83.98,60.0,1,1,0,0,4,
880,11.83,83.72,63.9,1,1,0,0,4,
881,11.59,85.55,57.1,1,1,0,0,4,
882,11.75,83.98,61.1,1,1,0,0,4,
883,11.77,84.19,57.6,1,1,0,0,4,
884,11.81,83.86,57.6,1,1,0,0,4,
885,11.78,83.75,58.8,1,1,0,0,4,
886,11.82,83.89,63.9,1,1,0,0,4,
887,11.81,83.79,56.3,1,1,0,0,4,
888,11.78,84.07,58.8,1,1,0,0,4,
889,11.83,83.73,56.3,1,1,0,0,4,
890,11.42,86.42,59.5,1,1,0,0,4,
891,10.85,91.28,61.1,1,1,0,0,4,
892,11.72,84.48,62.2,1,1,0,0,4,
893,11.58,85.63,57.6,1,1,0,0,4,
894,11.77,83.76,58.8,1,1,0,0,4,
895,11.84,83.59,58.8,1,1,0,0,4,
896,11.77,84.17,58.1,1,1,0,0,4,
897,11.77,84.19,61.1,1,1,0,0,4,
898,11.64,84.64,58.8,1,1,0,0,4,
899,11.72,84.49,57.6,1,1,0,0,4,
900,11.79,84.0,63.2,1,1,0,0,4,
901,11.72,84.47,57.6,1,1,0,0,4,
902,11.51,85.64,58.8,1,1,0,0,4,
903,11.75,84.28,61.8,1,1,0,0,4,
904,11.6,85.36,60.0,1,1,0,0,4,
905,11.74,84.37,57.6,1,1,0,0,4,
906,11.68,84.37,62.2,1,1,0,0,4,
907,11.76,84.22,57.6,1,1,0,0,4,
908,11.78,84.05,58.8,1,1,0,0,4,
909,11.74,84.42,60.0,1,1,0,0,4,
910,11.71,84.14,57.6,1,1,0,0,4,
911,11.78,84.14,56.2,1,1,0,0,4,
912,11.72,84.37,61.8,1,1,0,0,4,
913,11.75,84.27,58.8,1,1,0,0,4,
914,11.71,84.15,54.8,1,1,0,0,4,
915,11.72,84.5,61.1,1,1,0,0,4,
916,11.54,85.77,56.3,1,1,0,0,4,
917,11.77,84.16,63.2,1,1,0,0,4,
918,11.77,83.97,54.8,1,1,0,0,4,
919,11.79,84.04,54.8,1,1,0,0,4,
920,11.74,84.32,58.8,1,1,0,0,4,
921,11.57,85.14,60.0,1,1,0,0,4,
922,11.61,85.05,62.2,1,1,0,0,4,
923,11.62,85.03,54.8,1,1,0,0,4,
924,11.69,84.77,61.1,1,1,0,0,4,
925,11.68,84.89,57.6,1,1,0,0,4,
926,11.66,84.66,60.0,1,1,0,0,4,
927,11.64,84.89,53.3,1,1,0,0,4,
928,11.57,85.62,61.1,1,1,0,0,4,
929,11.7,84.69,57.6,1,1,1,1,4,Person very close ahead
930,6.94,142.78,63.8,1,1,0,0,4,
931,11.25,88.01,58.8,1,1,0,0,4,
932,11.21,88.27,60.5,1,1,0,0,4,
933,11.3,87.64,55.9,1,1,0,0,4,
934,11.2,88.09,58.8,1,1,0,0,4,
935,11.19,88.34,59.5,1,1,0,0,4,
936,11.28,87.87,55.9,1,1,0,0,4,
937,11.26,88.04,58.8,1,1,0,0,4,
938,10.96,90.22,57.9,1,1,0,0,4,
939,11.22,88.39,60.0,1,1,0,0,4,
940,11.27,87.6,58.3,1,1,0,0,4,
941,11.2,88.48,55.9,1,1,0,0,4,
942,11.31,87.46,56.3,1,1,0,0,4,
943,11.43,86.7,54.5,1,1,0,0,4,
944,11.37,87.05,57.6,1,1,0,0,4,
945,11.29,87.0,62.2,1,1,0,0,4,
946,11.36,87.14,60.5,1,1,0,0,4,
947,10.47,94.73,65.9,1,1,0,0,4,
948,11.49,86.14,60.0,1,1,0,0,4,
949,11.28,87.58,58.8,1,1,0,0,4,
950,11.39,86.91,62.2,1,1,0,0,4,
951,11.47,86.43,57.6,1,1,0,0,4,
952,11.48,86.33,55.9,1,1,0,0,4,
953,11.43,86.48,56.3,1,1,0,0,4,
954,9.92,99.98,70.7,1,1,0,0,4,
955,9.49,104.57,56.4,1,1,0,0,4,
956,11.6,85.42,61.5,1,1,0,0,4,
957,11.47,85.64,60.0,1,1,0,0,5,
958,11.62,85.27,58.8,1,1,0,0,5,
959,11.38,87.04,61.1,1,1,0,0,5,
960,11.41,86.84,60.0,1,1,0,0,5,
961,11.53,85.51,58.8,1,1,0,0,5,
962,11.62,85.24,62.2,1,1,0,0,5,
963,11.53,85.88,55.9,1,1,0,0,5,
964,11.62,85.2,58.8,1,1,0,0,5,
965,11.57,85.45,54.8,1,1,0,0,5,
966,11.55,85.76,61.1,1,1,0,0,5,
967,11.6,85.15,57.6,1,1,0,0,5,
968,11.56,85.91,54.8,1,1,0,0,5,
969,11.6,85.45,57.6,1,1,0,0,5,
970,11.52,85.66,61.5,1,1,0,0,5,
971,11.68,84.93,56.3,1,1,0,0,5,
972,11.49,86.26,56.3,1,1,0,0,5,
973,11.48,86.3,61.1,1,1,0,0,5,
974,11.51,85.73,63.2,1,1,0,0,5,
975,11.59,85.59,53.3,1,1,0,0,5,
976,11.57,85.4,57.1,1,1,0,0,5,
977,11.55,85.75,62.2,1,1,0,0,5,
978,11.55,85.59,54.8,1,1,0,0,5,
979,11.64,85.2,57.6,1,1,0,0,5,
980,11.54,85.57,61.1,1,1,0,0,5,
981,11.52,86.07,57.6,1,1,0,0,5,
982,11.51,85.73,58.3,1,1,0,0,5,
983,11.47,86.44,60.0,1,1,0,0,5,
984,11.41,86.25,56.3,1,1,0,0,5,
985,11.6,85.45,58.8,1,1,0,0,5,
986,11.52,85.78,51.6,1,1,0,0,5,
987,11.59,85.59,58.8,1,1,0,0,5,
988,11.6,85.28,62.2,1,1,0,0,5,
989,11.58,85.55,57.6,1,1,0,0,5,
990,11.5,86.03,58.8,1,1,0,0,5,
991,11.58,85.58,60.0,1,1,0,0,5,
992,11.56,85.73,55.9,1,1,0,0,5,
993,11.57,85.76,58.8,1,1,0,0,5,
994,11.39,86.89,58.8,1,1,0,0,5,
995,11.3,87.49,60.0,1,1,0,0,5,
996,11.43,86.67,58.8,1,1,0,0,5,
997,11.67,84.88,62.2,1,1,0,0,5,
998,11.52,85.73,55.9,1,1,0,0,5,
999,11.54,85.9,58.8,1,1,0,0,5,
1000,11.55,85.79,60.0,1,1,0,0,5,
1001,11.54,85.88,58.8,1,1,0,0,5,
1002,11.49,85.94,54.8,1,1,0,0,5,
1003,11.51,86.09,61.1,1,1,0,0,5,
1004,10.99,90.23,62.2,1,1,0,0,5,
1005,11.37,87.03,61.8,1,1,0,0,5,
1006,11.37,86.94,63.2,1,1,0,0,5,
1007,11.4,86.94,58.3,1,1,0,0,5,
1008,11.53,85.83,63.2,1,1,0,0,5,
1009,11.43,86.72,62.2,1,1,0,0,5,
1010,11.53,85.8,57.1,1,1,0,0,5,
1011,11.55,85.8,57.6,1,1,0,0,5,
1012,11.11,89.17,57.1,1,1,0,0,5,
1013,11.73,84.49,54.8,1,1,0,0,5,
1014,11.73,84.44,64.9,1,1,0,0,5,
1015,11.74,84.39,57.6,1,1,0,0,5,
1016,10.83,91.49,54.3,1,1,0,0,5,
1017,11.75,84.38,62.2,1,1,0,0,5,
1018,11.48,86.3,57.6,1,1,0,0,5,
1019,11.75,84.34,62.2,1,1,0,0,5,
1020,11.73,84.41,58.8,1,1,0,0,5,
1021,11.71,84.6,54.8,1,1,0,0,5,
1022,11.85,83.55,60.0,1,1,0,0,5,
1023,11.78,84.07,57.6,1,1,0,0,5,
1024,11.77,84.17,54.8,1,1,0,0,5,
1025,11.74,84.42,60.0,1,1,0,0,5,
1026,11.76,84.26,58.8,1,1,0,0,5,
1027,11.78,84.13,57.6,1,1,0,0,5,
1028,11.78,84.1,54.8,1,1,0,0,5,
1029,11.73,84.58,64.9,1,1,0,0,5,
1030,11.47,86.3,59.5,1,1,0,0,5,
1031,11.8,83.89,58.8,1,1,0,0,5,
1032,11.85,83.56,56.3,1,1,0,0,5,
1033,11.67,84.92,60.6,1,1,0,0,5,
1034,11.81,83.85,61.1,1,1,0,0,5,
1035,11.75,84.34,57.6,1,1,0,0,5,
1036,11.78,84.09,57.6,1,1,0,0,5,
1037,11.88,83.44,58.8,1,1,0,0,5,
1038,11.84,83.67,63.2,1,1,0,0,5,
1039,11.81,83.9,58.8,1,1,0,0,5,
1040,11.76,84.19,57.6,1,1,0,0,5,
1041,11.12,89.24,59.5,1,1,0,0,5,
1042,11.8,83.92,59.4,1,1,0,0,5,
1043,11.78,84.1,58.8,1,1,1,1,5,Person very close ahead
1044,11.78,84.07,58.8,1,1,0,0,5,
1045,11.78,84.12,58.8,1,1,0,0,5,
1046,11.79,83.97,57.6,1,1,0,0,5,
1047,11.81,83.91,54.8,1,1,0,0,5,
1048,11.93,82.98,57.6,1,1,0,0,5,
1049,11.83,83.8,61.1,1,1,0,0,5,
1050,11.83,83.73,63.2,1,1,0,0,5,
1051,11.86,83.55,60.6,1,1,0,0,5,
1052,11.79,83.99,57.6,1,1,0,0,5,
1053,11.53,86.08,54.8,1,1,0,0,5,
1054,11.81,83.87,57.6,1,1,0,0,5,
1055,11.88,83.42,57.6,1,1,0,0,5,
1056,11.78,84.06,57.6,1,1,0,0,5,
1057,11.84,83.66,58.8,1,1,0,0,5,
1058,11.83,83.72,58.8,1,1,0,0,5,
1059,11.81,83.92,58.8,1,1,0,0,5,
1060,11.81,83.88,60.6,1,1,0,0,5,
1061,11.73,84.5,58.8,1,1,0,0,5,
1062,11.81,83.9,57.6,1,1,0,0,5,
1063,10.75,92.24,58.8,1,1,0,0,5,
1064,11.83,83.7,56.3,1,1,0,0,5,
1065,11.48,86.45,61.1,1,1,0,0,5,
1066,11.82,83.84,60.0,1,1,0,0,5,
1067,11.8,84.05,61.1,1,1,0,0,5,
1068,11.69,84.68,58.8,1,1,0,0,5,
1069,11.78,84.15,56.3,1,1,0,0,5,
1070,11.76,84.23,62.2,1,1,0,0,5,
1071,11.87,83.46,57.6,1,1,0,0,5,
1072,11.68,84.77,58.8,1,1,0,0,5,
1073,11.85,83.62,61.8,1,1,0,0,5,
1074,11.91,83.17,60.0,1,1,0,0,5,
1075,11.56,85.71,61.1,1,1,0,0,5,
1076,11.43,86.68,60.0,1,1,0,0,5,
1077,11.64,85.23,58.8,1,1,0,0,5,
1078,11.66,84.91,57.6,1,1,0,0,5,
1079,11.73,84.5,60.0,1,1,0,0,5,
1080,11.74,84.36,57.6,1,1,0,0,5,
1081,11.72,84.57,60.0,1,1,0,0,5,
1082,11.69,84.74,60.0,1,1,0,0,5,
1083,11.69,84.75,56.3,1,1,0,0,5,
1084,11.67,84.83,60.0,1,1,0,0,5,
1085,11.73,84.5,57.6,1,1,0,0,5,
1086,11.8,83.94,59.4,1,1,0,0,5,
1087,11.67,84.92,61.1,1,1,0,0,5,
1088,11.48,86.25,60.0,1,1,0,0,5,
1089,11.66,85.05,60.0,1,1,0,0,5,
1090,11.79,83.99,54.8,1,1,0,0,5,
1091,11.68,84.82,63.2,1,1,0,0,5,
1092,11.79,83.95,56.3,1,1,0,0,5,
1093,11.72,84.56,54.8,1,1,0,0,5,
1094,11.71,84.58,60.0,1,1,0,0,5,
1095,11.68,84.88,57.6,1,1,0,0,5,
1096,11.66,84.89,60.0,1,1,0,0,5,
1097,11.77,84.12,58.8,1,1,0,0,5,
1098,11.63,84.96,60.0,1,1,0,0,5,
1099,11.82,84.0,60.0,1,1,0,0,5,
1100,11.62,85.32,56.7,1,1,0,0,5,
1101,11.54,85.02,57.1,1,1,0,0,5,
1102,11.75,84.47,56.3,1,1,0,0,5,
1103,11.75,84.49,62.9,1,1,0,0,5,
1104,11.77,84.27,61.1,1,1,0,0,5,
1105,11.75,84.49,53.3,1,1,0,0,5,
1106,11.77,84.28,63.2,1,1,0,0,5,
1107,11.69,84.69,57.6,1,1,0,0,5,
1108,11.67,84.85,60.0,1,1,0,0,5,
1109,11.74,84.37,58.8,1,1,0,0,5,
1110,11.69,84.71,53.3,1,1,0,0,5,
1111,11.55,85.82,64.1,1,1,0,0,5,
1112,11.64,85.06,58.8,1,1,0,0,5,
1113,11.73,84.55,57.6,1,1,0,0,5,
1114,11.76,84.2,54.8,1,1,0,0,5,
1115,11.7,84.68,63.2,1,1,0,0,5,
1116,11.77,84.12,60.6,1,1,0,0,5,
1117,11.66,84.97,60.0,1,1,0,0,5,
1118,11.75,84.25,54.8,1,1,0,0,5,
1119,11.6,85.42,56.3,1,1,0,0,5,
1120,11.76,84.19,61.1,1,1,0,0,5,
1121,10.99,90.14,62.9,1,1,0,0,5,
1122,11.72,84.48,58.8,1,1,0,0,5,
1123,11.49,86.26,53.3,1,1,0,0,5,
1124,11.64,85.05,60.0,1,1,0,0,5,
1125,11.96,82.87,57.6,1,1,0,0,5,
1126,11.74,84.33,63.2,1,1,0,0,5,
1127,11.84,83.67,59.4,1,1,0,0,5,
1128,11.75,84.25,60.0,1,1,0,0,5,
1129,11.8,84.0,57.6,1,1,0,0,5,
1130,11.8,83.91,62.2,1,1,0,0,5,
1131,11.79,84.03,60.0,1,1,0,0,5,
1132,11.82,83.82,54.8,1,1,0,0,5,
1133,11.61,85.36,58.8,1,1,0,0,5,
1134,11.79,83.97,59.4,1,1,0,0,5,
1135,11.54,85.91,54.5,1,1,0,0,5,
1136,11.85,83.59,58.1,1,1,0,0,5,
1137,11.75,84.37,57.6,1,1,0,0,5,
1138,11.75,84.31,57.6,1,1,0,0,5,
1139,11.79,84.05,63.2,1,1,0,0,5,
1140,11.82,83.72,58.8,1,1,0,0,5,
1141,11.76,84.28,54.8,1,1,0,0,5,
1142,11.74,84.03,61.1,1,1,0,0,5,
1143,11.63,85.03,60.0,1,1,0,0,5,
1144,11.75,84.3,60.0,1,1,0,0,5,
1145,11.83,83.72,62.2,1,1,0,0,5,
1146,11.46,86.47,60.0,1,1,0,0,5,
1147,11.64,84.91,60.0,1,1,0,0,5,
1148,11.81,83.89,54.8,1,1,0,0,5,
1149,11.86,83.65,58.8,1,1,0,0,5,
1150,11.81,83.58,62.2,1,1,0,0,5,
1151,11.83,83.79,59.4,1,1,0,0,5,
1152,11.75,84.29,58.8,1,1,0,0,5,
1153,11.62,84.98,63.2,1,1,0,0,5,
1154,11.72,84.52,58.8,1,1,0,0,5,
1155,11.63,84.89,61.1,1,1,0,0,5,
1156,11.68,84.8,60.0,1,1,0,0,5,
1157,11.69,84.47,60.0,1,1,0,0,5,
1158,11.42,86.83,55.9,1,1,0,0,5,
1159,11.63,84.85,56.3,1,1,0,0,5,
1160,11.7,84.71,60.0,1,1,1,1,5,Person very close ahead
1161,7.96,124.84,73.5,1,1,0,0,5,
1162,11.33,87.02,60.0,1,1,0,0,5,
1163,11.41,86.31,60.5,1,1,0,0,5,
1164,11.5,85.59,62.2,1,1,0,0,5,
1165,11.46,85.84,61.1,1,1,0,0,5,
1166,11.42,86.13,58.8,1,1,0,0,5,
1167,11.62,85.2,58.8,1,1,0,0,5,
1168,11.5,86.13,57.6,1,1,0,0,5,
1169,11.23,87.86,60.5,1,1,0,0,5,
1170,11.45,86.31,60.0,1,1,0,0,5,
1171,11.58,85.34,62.2,1,1,0,0,5,
1172,11.54,86.04,54.8,1,1,0,0,5,
1173,11.5,86.42,60.6,1,1,0,0,5,
1174,11.57,85.64,60.0,1,1,0,0,5,
1175,11.5,85.92,60.0,1,1,0,0,5,
1176,11.6,85.45,57.6,1,1,0,0,5,
1177,11.61,85.41,61.1,1,1,0,0,5,
1178,11.38,87.05,57.6,1,1,0,0,5,
1179,10.46,94.41,58.3,1,1,0,0,5,
1180,11.46,86.51,55.9,1,1,0,0,5,
1181,11.6,85.44,58.8,1,1,0,0,5,
1182,11.78,84.04,60.6,1,1,0,0,5,
1183,11.7,84.46,57.6,1,1,0,0,5,
1184,11.59,85.25,63.2,1,1,0,0,5,
1185,11.56,85.89,56.3,1,1,0,0,5,
1186,8.42,117.9,59.6,1,1,0,0,5,
1187,11.59,85.21,61.1,1,1,0,0,5,
1188,11.56,85.75,54.8,1,1,0,0,6,
1189,11.71,84.7,62.2,1,1,0,0,6,
1190,11.35,87.29,58.8,1,1,0,0,6,
1191,11.71,84.46,60.0,1,1,0,0,6,
1192,11.6,85.44,57.6,1,1,0,0,6,
1193,11.73,84.27,61.1,1,1,0,0,6,
1194,11.7,84.69,60.0,1,1,0,0,6,
1195,11.64,84.93,57.6,1,1,0,0,6,
1196,11.66,84.99,58.8,1,1,0,0,6,
1197,11.54,85.05,60.0,1,1,0,0,6,
1198,11.65,85.05,57.1,1,1,0,0,6,
1199,11.76,84.32,61.1,1,1,0,0,6,
1200,11.68,84.84,60.0,1,1,0,0,6,
1201,11.68,84.91,56.3,1,1,0,0,6,
1202,11.78,84.1,62.2,1,1,0,0,6,
1203,11.58,85.46,60.0,1,1,0,0,6,
1204,11.71,84.53,62.2,1,1,0,0,6,
1205,11.76,84.19,56.3,1,1,0,0,6,
1206,11.7,84.58,58.1,1,1,0,0,6,
1207,11.71,84.56,62.2,1,1,0,0,6,
1208,11.64,84.97,56.3,1,1,0,0,6,
1209,11.73,84.4,62.2,1,1,0,0,6,
1210,11.69,84.63,57.6,1,1,0,0,6,
1211,11.78,84.0,61.1,1,1,0,0,6,
1212,11.61,85.22,57.6,1,1,0,0,6,
1213,11.75,84.19,57.6,1,1,0,0,6,
1214,11.76,84.15,61.1,1,1,0,0,6,
1215,11.47,86.31,60.0,1,1,0,0,6,
1216,11.52,85.93,60.0,1,1,0,0,6,
1217,11.68,84.75,62.2,1,1,0,0,6,
1218,11.71,84.46,56.3,1,1,0,0,6,
1219,11.7,84.63,60.0,1,1,0,0,6,
1220,11.73,84.33,58.8,1,1,0,0,6,
1221,11.74,84.32,56.3,1,1,0,0,6,
1222,11.66,85.0,60.0,1,1,0,0,6,
1223,11.75,84.26,56.3,1,1,0,0,6,
1224,11.6,85.39,62.2,1,1,0,0,6,
1225,11.69,84.66,56.3,1,1,0,0,6,
1226,11.72,84.54,60.0,1,1,0,0,6,
1227,11.41,86.94,58.8,1,1,0,0,6,
1228,11.75,84.28,57.6,1,1,0,0,6,
1229,11.69,84.8,56.3,1,1,0,0,6,
1230,11.73,84.44,62.2,1,1,0,0,6,
1231,11.72,84.51,58.8,1,1,0,0,6,
1232,11.71,84.63,60.0,1,1,0,0,6,
1233,11.71,84.7,60.0,1,1,0,0,6,
1234,11.79,84.01,56.3,1,1,0,0,6,
1235,11.72,84.43,60.0,1,1,0,0,6,
1236,10.93,90.62,67.6,1,1,0,0,6,
1237,11.6,85.32,57.6,1,1,0,0,6,
1238,11.38,87.08,61.1,1,1,0,0,6,
1239,11.65,84.83,61.1,1,1,0,0,6,
1240,11.74,84.41,58.8,1,1,0,0,6,
1241,11.68,84.65,57.6,1,1,0,0,6,
1242,11.68,84.79,61.1,1,1,0,0,6,
1243,11.69,84.55,56.3,1,1,0,0,6,
1244,11.62,85.32,60.0,1,1,0,0,6,
1245,10.37,94.85,56.4,1,1,0,0,6,
1246,11.71,84.58,60.0,1,1,0,0,6,
1247,11.64,84.73,60.0,1,1,0,0,6,
1248,11.53,85.48,60.0,1,1,0,0,6,
1249,11.66,84.47,56.3,1,1,0,0,6,
1250,11.38,87.05,58.8,1,1,0,0,6,
1251,11.71,84.4,63.2,1,1,0,0,6,
1252,11.63,85.02,57.6,1,1,0,0,6,
1253,11.8,83.78,60.0,1,1,0,0,6,
1254,11.85,83.72,63.2,1,1,0,0,6,
1255,11.61,85.06,57.6,1,1,0,0,6,
1256,11.67,84.65,60.5,1,1,0,0,6,
1257,11.62,85.2,60.0,1,1,0,0,6,
1258,11.7,84.61,63.9,1,1,0,0,6,
1259,11.63,85.03,57.1,1,1,0,0,6,
1260,11.67,84.5,61.1,1,1,0,0,6,
1261,11.42,86.7,58.8,1,1,0,0,6,
1262,11.73,84.41,60.6,1,1,0,0,6,
1263,11.67,84.71,58.3,1,1,0,0,6,
1264,11.62,84.9,60.0,1,1,0,0,6,
1265,11.66,85.0,60.0,1,1,0,0,6,
1266,11.71,84.59,57.6,1,1,0,0,6,
1267,11.63,84.97,61.1,1,1,0,0,6,
1268,11.69,84.38,58.8,1,1,0,0,6,
1269,11.72,84.6,57.6,1,1,0,0,6,
1270,11.75,84.23,60.0,1,1,0,0,6,
1271,11.69,84.6,57.6,1,1,0,0,6,
1272,11.66,84.45,61.1,1,1,0,0,6,
1273,11.36,87.05,58.8,1,1,0,0,6,
1274,11.69,84.59,60.0,1,1,0,0,6,
1275,11.7,84.63,60.0,1,1,1,1,6,Person very close ahead
1276,11.69,84.27,58.8,1,1,0,0,6,
1277,11.74,84.3,53.3,1,1,0,0,6,
1278,11.88,83.26,60.0,1,1,0,0,6,
1279,11.78,84.01,62.2,1,1,0,0,6,
1280,11.67,84.36,57.6,1,1,0,0,6,
1281,11.75,84.24,58.8,1,1,0,0,6,
1282,11.76,84.13,56.3,1,1,0,0,6,
1283,11.75,84.24,57.6,1,1,0,0,6,
1284,11.71,84.01,61.1,1,1,0,0,6,
1285,11.34,87.27,56.3,1,1,0,0,6,
1286,11.75,84.15,57.6,1,1,0,0,6,
1287,11.79,83.98,58.8,1,1,0,0,6,
1288,11.77,84.09,61.1,1,1,0,0,6,
1289,11.75,84.23,60.0,1,1,0,0,6,
1290,11.76,84.11,58.8,1,1,0,0,6,
1291,11.82,83.73,57.6,1,1,0,0,6,
1292,11.78,84.03,63.9,1,1,0,0,6,
1293,11.72,84.44,58.8,1,1,0,0,6,
1294,10.4,95.24,60.5,1,1,0,0,6,
1295,11.75,84.28,62.2,1,1,0,0,6,
1296,11.49,85.94,57.6,1,1,0,0,6,
1297,11.73,84.52,62.2,1,1,0,0,6,
1298,11.83,83.69,59.4,1,1,0,0,6,
1299,11.81,83.62,58.8,1,1,0,0,6,
1300,11.78,84.1,54.8,1,1,0,0,6,
1301,11.82,83.86,60.0,1,1,0,0,6,
1302,11.78,84.06,60.0,1,1,0,0,6,
1303,11.75,84.11,56.3,1,1,0,0,6,
1304,11.87,83.49,58.8,1,1,0,0,6,
1305,11.8,84.05,59.4,1,1,0,0,6,
1306,11.52,85.98,56.2,1,1,0,0,6,
1307,11.75,84.05,60.0,1,1,0,0,6,
1308,11.66,84.98,56.3,1,1,0,0,6,
1309,11.7,84.77,58.8,1,1,0,0,6,
1310,11.85,83.57,62.2,1,1,0,0,6,
1311,11.77,83.98,58.8,1,1,0,0,6,
1312,11.76,84.3,58.8,1,1,0,0,6,
1313,11.79,84.08,63.2,1,1,0,0,6,
1314,11.81,83.9,58.8,1,1,0,0,6,
1315,11.78,83.84,57.6,1,1,0,0,6,
1316,11.8,84.16,56.3,1,1,0,0,6,
1317,11.74,84.52,61.1,1,1,0,0,6,
1318,11.81,83.87,57.6,1,1,0,0,6,
1319,11.71,83.83,57.6,1,1,0,0,6,
1320,11.59,85.53,62.2,1,1,0,0,6,
1321,11.79,84.06,56.3,1,1,0,0,6,
1322,11.79,84.01,62.9,1,1,0,0,6,
1323,11.78,83.91,62.2,1,1,0,0,6,
1324,11.85,83.64,58.8,1,1,0,0,6,
1325,11.76,84.27,60.0,1,1,0,0,6,
1326,11.78,84.09,60.0,1,1,0,0,6,
1327,11.8,83.76,63.2,1,1,0,0,6,
1328,11.76,84.29,60.0,1,1,0,0,6,
1329,11.85,83.75,56.3,1,1,0,0,6,
1330,11.77,84.18,61.1,1,1,0,0,6,
1331,11.54,85.61,61.1,1,1,0,0,6,
1332,11.6,85.43,57.6,1,1,0,0,6,
1333,11.63,85.17,58.8,1,1,0,0,6,
1334,11.77,84.14,63.2,1,1,0,0,6,
1335,11.7,84.43,57.6,1,1,0,0,6,
1336,11.67,84.61,58.8,1,1,0,0,6,
1337,11.78,84.11,58.8,1,1,0,0,6,
1338,11.74,84.35,57.6,1,1,0,0,6,
1339,11.73,84.26,60.0,1,1,0,0,6,
1340,11.67,84.9,60.0,1,1,0,0,6,
1341,11.73,84.59,53.3,1,1,0,0,6,
1342,11.71,84.59,60.0,1,1,0,0,6,
1343,11.54,85.56,57.6,1,1,0,0,6,
1344,11.67,85.06,57.6,1,1,0,0,6,
1345,11.64,84.79,61.1,1,1,0,0,6,
1346,11.72,84.69,57.6,1,1,0,0,6,
1347,11.73,84.2,54.8,1,1,0,0,6,
1348,11.73,84.65,62.2,1,1,0,0,6,
1349,11.7,84.48,58.8,1,1,0,0,6,
1350,11.79,84.22,56.3,1,1,0,0,6,
1351,11.73,84.47,61.1,1,1,0,0,6,
1352,11.7,84.61,58.8,1,1,0,0,6,
1353,10.04,98.04,60.0,1,1,0,0,6,
1354,11.73,84.29,60.0,1,1,0,0,6,
1355,11.33,87.41,53.1,1,1,0,0,6,
1356,10.77,92.08,54.3,1,1,0,0,6,
1357,11.73,84.57,61.1,1,1,0,0,6,
1358,11.73,84.48,60.0,1,1,0,0,6,
1359,11.78,84.08,57.6,1,1,0,0,6,
1360,11.75,84.27,58.8,1,1,0,0,6,
1361,11.76,84.28,60.0,1,1,0,0,6,
1362,11.7,84.7,57.6,1,1,0,0,6,
1363,11.73,84.48,62.9,1,1,0,0,6,
1364,11.49,86.21,58.8,1,1,0,0,6,
1365,11.75,84.39,61.1,1,1,0,0,6,
1366,11.41,86.88,58.8,1,1,0,0,6,
1367,11.72,84.51,58.8,1,1,0,0,6,
1368,11.7,84.58,62.2,1,1,0,0,6,
1369,11.71,84.64,56.3,1,1,0,0,6,
1370,11.74,84.35,56.3,1,1,0,0,6,
1371,11.73,84.43,62.2,1,1,0,0,6,
1372,11.72,84.45,60.0,1,1,0,0,6,
1373,11.66,84.74,60.0,1,1,0,0,6,
1374,11.68,84.83,57.6,1,1,0,0,6,
1375,11.72,84.53,53.3,1,1,0,0,6,
1376,11.75,84.28,63.2,1,1,0,0,6,
1377,11.68,84.71,58.8,1,1,0,0,6,
1378,11.53,85.92,62.2,1,1,0,0,6,
1379,11.69,84.76,58.1,1,1,0,0,6,
1380,11.77,84.17,63.2,1,1,0,0,6,
1381,11.75,84.16,57.6,1,1,0,0,6,
1382,11.72,84.46,54.8,1,1,0,0,6,
1383,11.76,84.17,61.1,1,1,0,0,6,
1384,11.68,84.66,57.6,1,1,0,0,6,
1385,11.76,84.16,60.0,1,1,0,0,6,
1386,11.67,84.77,58.8,1,1,0,0,6,
1387,11.76,84.17,56.3,1,1,0,0,6,
1388,11.68,84.67,61.1,1,1,0,0,6,
1389,11.5,86.08,56.3,1,1,0,0,6,
1390,11.18,88.49,61.8,1,1,0,0,6,
1391,11.61,85.24,54.8,1,1,0,0,6,
1392,11.77,84.09,60.0,1,1,1,1,6,Person very close ahead
1393,8.05,122.96,72.0,1,1,0,0,6,
1394,11.27,87.73,58.8,1,1,0,0,6,
1395,11.34,87.16,58.8,1,1,0,0,6,
1396,11.51,85.86,62.2,1,1,0,0,6,
1397,11.42,86.76,61.1,1,1,0,0,6,
1398,11.55,85.72,60.0,1,1,0,0,6,
1399,11.51,85.91,56.3,1,1,0,0,6,
1400,11.18,88.49,54.5,1,1,0,0,6,
1401,11.48,86.27,60.6,1,1,0,0,6,
1402,11.47,86.29,54.5,1,1,0,0,6,
1403,11.49,86.06,61.1,1,1,0,0,6,
1404,11.56,85.54,57.6,1,1,0,0,6,
1405,11.6,85.49,62.9,1,1,0,0,6,
1406,11.66,84.95,58.8,1,1,0,0,6,
1407,11.53,85.75,63.2,1,1,0,0,6,
1408,11.57,85.69,60.0,1,1,0,0,6,
1409,11.53,85.93,58.8,1,1,0,0,6,
1410,10.85,91.38,68.4,1,1,0,0,6,
1411,11.53,85.76,57.6,1,1,0,0,6,
1412,11.22,88.34,60.5,1,1,0,0,6,
1413,11.56,85.85,56.7,1,1,0,0,6,
1414,11.53,85.92,63.2,1,1,0,0,6,
1415,11.41,86.48,63.2,1,1,0,0,6,
1416,11.57,85.67,61.1,1,1,0,0,6,
1417,11.54,85.92,61.1,1,1,0,0,6,
1418,8.21,120.97,64.7,1,1,0,0,6,
1419,11.62,85.08,57.6,1,1,0,0,6,
1420,11.61,85.32,60.0,1,1,0,0,7,
1421,11.49,86.29,60.6,1,1,0,0,7,
1422,11.66,84.95,58.8,1,1,0,0,7,
1423,11.4,86.77,61.1,1,1,0,0,7,
1424,11.53,85.93,58.3,1,1,0,0,7,
1425,11.54,85.95,62.2,1,1,0,0,7,
1426,11.63,85.2,54.8,1,1,0,0,7,
1427,11.65,84.82,61.1,1,1,0,0,7,
1428,11.64,85.09,58.8,1,1,0,0,7,
1429,11.65,85.08,62.2,1,1,0,0,7,
1430,11.64,85.07,56.3,1,1,0,0,7,
1431,11.67,84.72,60.0,1,1,0,0,7,
1432,11.8,83.98,56.3,1,1,0,0,7,
1433,11.71,84.65,61.1,1,1,0,0,7,
1434,11.66,84.9,58.8,1,1,0,0,7,
1435,11.53,85.51,61.1,1,1,0,0,7,
1436,11.69,84.75,58.8,1,1,0,0,7,
1437,11.73,84.57,60.0,1,1,0,0,7,
1438,11.71,84.57,58.8,1,1,0,0,7,
1439,11.76,84.08,54.8,1,1,0,0,7,
1440,11.77,84.22,61.1,1,1,0,0,7,
1441,11.7,84.73,58.8,1,1,0,0,7,
1442,11.77,84.17,54.8,1,1,0,0,7,
1443,11.67,84.69,61.1,1,1,0,0,7,
1444,11.72,84.52,58.8,1,1,0,0,7,
1445,11.76,84.27,62.2,1,1,0,0,7,
1446,11.52,85.93,53.3,1,1,0,0,7,
1447,11.71,84.39,62.2,1,1,0,0,7,
1448,11.73,84.41,60.6,1,1,0,0,7,
1449,11.78,84.21,56.3,1,1,0,0,7,
1450,11.64,85.09,60.0,1,1,0,0,7,
1451,11.69,84.52,58.8,1,1,0,0,7,
1452,11.74,84.43,61.1,1,1,0,0,7,
1453,11.68,84.86,56.3,1,1,0,0,7,
1454,11.78,84.08,56.3,1,1,0,0,7,
1455,11.56,85.53,57.6,1,1,0,0,7,
1456,11.76,84.26,56.2,1,1,0,0,7,
1457,11.81,83.89,58.8,1,1,0,0,7,
1458,11.51,86.07,61.1,1,1,0,0,7,
1459,11.64,84.95,61.1,1,1,0,0,7,
1460,11.71,84.58,58.8,1,1,0,0,7,
1461,11.66,85.09,61.1,1,1,0,0,7,
1462,11.68,84.77,58.8,1,1,0,0,7,
1463,11.7,84.5,60.0,1,1,0,0,7,
1464,11.72,84.52,57.6,1,1,0,0,7,
1465,11.71,84.63,56.3,1,1,0,0,7,
1466,11.68,84.8,58.8,1,1,0,0,7,
1467,11.15,88.76,61.8,1,1,0,0,7,
1468,11.37,86.83,58.8,1,1,0,0,7,
1469,11.57,85.61,63.2,1,1,0,0,7,
1470,11.62,85.18,61.1,1,1,0,0,7,
1471,11.72,84.42,56.3,1,1,0,0,7,
1472,11.59,85.32,58.8,1,1,0,0,7,
1473,11.74,84.31,57.6,1,1,0,0,7,
1474,11.71,84.52,56.3,1,1,0,0,7,
1475,11.74,84.23,60.0,1,1,0,0,7,
1476,11.32,87.39,58.8,1,1,0,0,7,
1477,11.65,84.9,56.3,1,1,0,0,7,
1478,11.79,83.9,60.0,1,1,0,0,7,
1479,11.59,85.31,58.8,1,1,0,0,7,
1480,11.76,84.15,63.9,1,1,0,0,7,
1481,11.6,85.43,58.8,1,1,0,0,7,
1482,11.78,84.1,60.0,1,1,0,0,7,
1483,11.81,83.58,57.6,1,1,0,0,7,
1484,11.86,83.56,54.8,1,1,0,0,7,
1485,11.79,84.01,60.0,1,1,0,0,7,
1486,11.81,83.89,57.6,1,1,0,0,7,
1487,11.73,84.14,58.8,1,1,0,0,7,
1488,11.81,83.76,57.6,1,1,0,0,7,
1489,11.64,85.18,56.3,1,1,0,0,7,
1490,11.81,83.92,58.8,1,1,0,0,7,
1491,11.75,84.0,56.3,1,1,0,0,7,
1492,11.77,84.21,57.6,1,1,0,0,7,
1493,11.45,86.6,62.2,1,1,0,0,7,
1494,11.78,84.09,60.0,1,1,0,0,7,
1495,11.7,84.35,60.0,1,1,0,0,7,
1496,11.8,83.82,54.8,1,1,0,0,7,
1497,11.79,84.15,60.0,1,1,0,0,7,
1498,11.82,83.84,61.1,1,1,0,0,7,
1499,11.74,84.07,56.2,1,1,0,0,7,
1500,11.75,83.95,58.8,1,1,0,0,7,
1501,11.76,84.28,64.1,1,1,0,0,7,
1502,11.83,83.72,58.8,1,1,0,0,7,
1503,11.75,84.0,58.8,1,1,0,0,7,
1504,11.77,84.03,58.8,1,1,0,0,7,
1505,11.57,85.49,61.1,1,1,0,0,7,
1506,11.79,83.95,61.1,1,1,0,0,7,
1507,11.79,83.74,58.8,1,1,0,0,7,
1508,11.82,83.63,54.8,1,1,1,1,7,Person very close ahead
1509,11.78,84.24,57.6,1,1,0,0,7,
1510,11.75,84.22,61.1,1,1,0,0,7,
1511,11.74,84.03,57.6,1,1,0,0,7,
1512,11.76,84.12,56.2,1,1,0,0,7,
1513,11.8,84.02,58.8,1,1,0,0,7,
1514,11.79,84.01,61.8,1,1,0,0,7,
1515,11.73,84.16,57.6,1,1,0,0,7,
1516,11.53,85.99,58.8,1,1,0,0,7,
1517,11.81,83.89,56.3,1,1,0,0,7,
1518,11.8,83.88,58.8,1,1,0,0,7,
1519,11.79,83.75,61.1,1,1,0,0,7,
1520,11.81,83.91,57.6,1,1,0,0,7,
1521,11.79,84.12,57.6,1,1,0,0,7,
1522,11.76,84.18,51.7,1,1,0,0,7,
1523,11.62,84.91,61.1,1,1,0,0,7,
1524,11.77,84.22,56.3,1,1,0,0,7,
1525,11.77,84.16,58.8,1,1,0,0,7,
1526,11.07,89.53,65.7,1,1,0,0,7,
1527,11.69,84.46,61.1,1,1,0,0,7,
1528,11.5,86.18,57.1,1,1,0,0,7,
1529,11.7,84.66,59.4,1,1,0,0,7,
1530,11.68,84.76,56.3,1,1,0,0,7,
1531,11.73,84.12,63.2,1,1,0,0,7,
1532,11.7,84.71,58.8,1,1,0,0,7,
1533,11.76,84.34,58.8,1,1,0,0,7,
1534,11.8,84.0,58.8,1,1,0,0,7,
1535,11.69,84.51,58.8,1,1,0,0,7,
1536,11.72,84.26,60.0,1,1,0,0,7,
1537,11.74,84.38,58.8,1,1,0,0,7,
1538,11.57,85.6,60.0,1,1,0,0,7,
1539,11.61,85.07,58.8,1,1,0,0,7,
1540,11.59,85.55,62.2,1,1,0,0,7,
1541,11.63,85.22,58.8,1,1,0,0,7,
1542,11.75,84.28,64.9,1,1,0,0,7,
1543,11.7,84.45,57.6,1,1,0,0,7,
1544,11.72,84.53,56.3,1,1,0,0,7,
1545,11.8,84.02,62.2,1,1,0,0,7,
1546,11.74,84.37,58.8,1,1,0,0,7,
1547,11.69,84.54,60.0,1,1,0,0,7,
1548,11.73,84.45,60.0,1,1,0,0,7,
1549,11.72,84.59,58.8,1,1,0,0,7,
1550,11.73,84.41,61.1,1,1,0,0,7,
1551,11.48,86.15,57.6,1,1,0,0,7,
1552,11.66,84.96,61.1,1,1,0,0,7,
1553,11.74,84.36,56.3,1,1,0,0,7,
1554,11.75,84.25,63.9,1,1,0,0,7,
1555,11.7,84.45,58.8,1,1,0,0,7,
1556,11.7,84.67,57.6,1,1,0,0,7,
1557,11.77,84.28,61.1,1,1,0,0,7,
1558,11.68,84.77,56.3,1,1,0,0,7,
1559,11.69,84.53,62.2,1,1,0,0,7,
1560,11.86,83.51,58.8,1,1,0,0,7,
1561,11.77,84.16,57.6,1,1,0,0,7,
1562,11.69,84.71,57.6,1,1,0,0,7,
1563,11.5,85.98,61.1,1,1,0,0,7,
1564,11.72,84.5,63.9,1,1,0,0,7,
1565,11.72,84.51,57.6,1,1,0,0,7,
1566,11.75,84.25,56.2,1,1,0,0,7,
1567,11.75,84.15,62.2,1,1,0,0,7,
1568,11.82,83.79,57.6,1,1,0,0,7,
1569,11.8,84.09,57.6,1,1,0,0,7,
1570,11.76,84.27,60.0,1,1,0,0,7,
1571,11.79,83.82,57.6,1,1,0,0,7,
1572,11.83,83.78,58.1,1,1,0,0,7,
1573,11.84,83.71,56.3,1,1,0,0,7,
1574,11.8,83.92,58.8,1,1,0,0,7,
1575,11.71,84.39,58.8,1,1,0,0,7,
1576,11.75,84.34,57.6,1,1,0,0,7,
1577,11.74,84.38,60.0,1,1,0,0,7,
1578,11.85,83.56,61.8,1,1,0,0,7,
1579,11.7,84.48,57.6,1,1,0,0,7,
1580,11.81,83.9,57.6,1,1,0,0,7,
1581,11.75,84.44,58.8,1,1,0,0,7,
1582,11.78,84.06,58.8,1,1,0,0,7,
1583,11.72,84.46,58.8,1,1,0,0,7,
1584,11.03,89.87,66.7,1,1,0,0,7,
1585,11.91,83.25,56.3,1,1,0,0,7,
1586,11.61,85.28,58.8,1,1,0,0,7,
1587,11.75,84.17,57.6,1,1,0,0,7,
1588,11.83,83.75,58.8,1,1,0,0,7,
1589,11.84,83.7,58.1,1,1,0,0,7,
1590,11.81,83.82,61.1,1,1,0,0,7,
1591,11.76,84.09,60.0,1,1,0,0,7,
1592,11.73,84.46,57.6,1,1,0,0,7,
1593,11.83,83.83,61.1,1,1,0,0,7,
1594,11.76,84.23,63.2,1,1,0,0,7,
1595,11.79,83.87,54.8,1,1,0,0,7,
1596,11.61,85.33,59.4,1,1,0,0,7,
1597,11.83,83.78,58.8,1,1,0,0,7,
1598,11.48,86.28,61.1,1,1,0,0,7,
1599,11.77,83.96,57.6,1,1,0,0,7,
1600,11.72,84.52,57.6,1,1,0,0,7,
1601,11.83,83.77,60.0,1,1,0,0,7,
1602,11.8,83.94,60.0,1,1,0,0,7,
1603,11.84,83.51,58.1,1,1,0,0,7,
1604,11.83,83.77,56.2,1,1,0,0,7,
1605,11.82,83.91,57.6,1,1,0,0,7,
1606,11.77,84.17,62.2,1,1,0,0,7,
1607,11.75,84.15,57.6,1,1,0,0,7,
1608,11.8,83.97,60.0,1,1,0,0,7,
1609,11.78,84.11,61.1,1,1,0,0,7,
1610,11.58,85.56,60.0,1,1,0,0,7,
1611,11.8,83.83,60.6,1,1,0,0,7,
1612,11.83,83.78,60.0,1,1,0,0,7,
1613,11.85,83.59,57.6,1,1,0,0,7,
1614,11.83,83.73,58.8,1,1,0,0,7,
1615,11.75,84.19,58.8,1,1,0,0,7,
1616,11.8,83.97,60.0,1,1,0,0,7,
1617,11.82,83.9,61.1,1,1,0,0,7,
1618,11.75,84.31,60.6,1,1,0,0,7,
1619,11.78,83.87,58.8,1,1,0,0,7,
1620,11.72,84.51,61.1,1,1,0,0,7,
1621,11.52,86.02,60.0,1,1,0,0,7,
1622,11.73,84.39,60.0,1,1,0,0,7,
1623,11.69,84.56,60.0,1,1,0,0,7,
1624,11.84,83.68,58.8,1,1,0,0,7,
1625,11.77,84.17,63.2,1,1,1,1,7,Person very close ahead
1626,7.66,129.52,66.0,1,1,0,0,7,
1627,11.47,86.24,57.6,1,1,0,0,7,
1628,11.47,86.41,64.9,1,1,0,0,7,
1629,11.59,85.6,60.0,1,1,0,0,7,
1630,11.49,86.2,58.8,1,1,0,0,7,
1631,11.48,86.17,58.8,1,1,0,0,7,
1632,11.44,86.62,60.0,1,1,0,0,7,
1633,11.29,87.63,61.1,1,1,0,0,7,
1634,11.6,85.35,59.4,1,1,0,0,7,
1635,11.43,86.38,62.2,1,1,0,0,7,
1636,11.57,85.6,57.6,1,1,0,0,7,
1637,11.59,85.49,57.6,1,1,0,0,7,
1638,11.45,86.56,58.8,1,1,0,0,7,
1639,11.49,86.04,63.2,1,1,0,0,7,
1640,11.5,86.22,62.2,1,1,0,0,7,
1641,11.52,86.16,57.6,1,1,0,0,7,
1642,10.91,90.76,66.7,1,1,0,0,7,
1643,11.5,85.88,57.6,1,1,0,0,7,
1644,11.33,87.47,60.0,1,1,0,0,7,
1645,11.42,86.79,60.0,1,1,0,0,7,
1646,11.56,85.66,58.8,1,1,0,0,7,
1647,11.62,85.14,61.1,1,1,0,0,7,
1648,11.39,86.98,57.6,1,1,0,0,7,
1649,11.55,85.75,60.0,1,1,0,0,7,
1650,11.51,86.06,60.0,1,1,0,0,7,
1651,9.28,106.84,72.1,1,1,0,0,7,
1652,11.6,85.45,61.1,1,1,0,0,7,
1653,11.44,86.68,60.6,1,1,0,0,8,
1654,11.7,84.61,58.8,1,1,0,0,8,
1655,11.35,87.1,63.2,1,1,0,0,8,
1656,11.69,84.71,61.1,1,1,0,0,8,
1657,11.64,85.16,61.1,1,1,0,0,8,
1658,11.77,84.18,62.9,1,1,0,0,8,
1659,11.61,85.12,60.0,1,1,0,0,8,
1660,11.67,84.86,60.0,1,1,0,0,8,
1661,11.65,85.09,61.1,1,1,0,0,8,
1662,11.76,84.2,57.6,1,1,0,0,8,
1663,11.53,85.78,60.0,1,1,0,0,8,
1664,11.64,85.13,61.1,1,1,0,0,8,
1665,11.59,85.57,58.8,1,1,0,0,8,
1666,11.64,85.11,64.9,1,1,0,0,8,
1667,11.35,87.06,58.3,1,1,0,0,8,
1668,11.64,85.09,54.8,1,1,0,0,8,
1669,11.68,84.84,62.9,1,1,0,0,8,
1670,11.72,84.52,54.8,1,1,0,0,8,
1671,11.68,84.63,62.2,1,1,0,0,8,
1672,11.61,85.24,58.8,1,1,0,0,8,
1673,11.61,85.35,63.2,1,1,0,0,8,
1674,11.64,85.09,54.8,1,1,0,0,8,
1675,11.62,85.09,58.8,1,1,0,0,8,
1676,11.67,84.91,60.6,1,1,0,0,8,
1677,11.66,85.1,60.0,1,1,0,0,8,
1678,11.45,86.48,62.2,1,1,0,0,8,
1679,11.57,85.43,56.3,1,1,0,0,8,
1680,11.62,85.26,58.8,1,1,0,0,8,
1681,11.64,85.17,62.2,1,1,0,0,8,
1682,11.64,85.08,58.8,1,1,0,0,8,
1683,11.7,84.48,63.2,1,1,0,0,8,
1684,11.67,84.89,60.6,1,1,0,0,8,
1685,11.65,85.09,61.1,1,1,0,0,8,
1686,11.6,85.36,58.8,1,1,0,0,8,
1687,11.71,84.2,61.1,1,1,0,0,8,
1688,11.83,83.68,60.0,1,1,0,0,8,
1689,11.7,84.81,56.7,1,1,0,0,8,
1690,11.48,86.29,62.2,1,1,0,0,8,
1691,11.61,85.11,61.1,1,1,0,0,8,
1692,11.65,84.93,57.6,1,1,0,0,8,
1693,11.68,84.88,61.1,1,1,0,0,8,
1694,11.63,85.09,58.8,1,1,0,0,8,
1695,11.68,84.62,61.1,1,1,0,0,8,
1696,11.64,85.08,61.8,1,1,0,0,8,
1697,11.67,84.91,63.2,1,1,0,0,8,
1698,11.65,85.01,58.8,1,1,0,0,8,
1699,11.5,86.02,62.2,1,1,0,0,8,
1700,11.25,87.75,67.6,1,1,0,0,8,
1701,11.49,86.36,63.2,1,1,0,0,8,
1702,11.4,86.67,60.0,1,1,0,0,8,
1703,11.61,85.1,58.8,1,1,0,0,8,
1704,11.6,85.37,56.3,1,1,0,0,8,
1705,11.69,84.79,61.8,1,1,0,0,8,
1706,11.64,85.06,60.0,1,1,0,0,8,
1707,11.68,84.63,62.2,1,1,0,0,8,
1708,11.73,84.42,58.8,1,1,0,0,8,
1709,11.54,85.87,62.2,1,1,0,0,8,
1710,11.49,86.28,60.0,1,1,0,0,8,
1711,11.51,85.9,60.6,1,1,0,0,8,
1712,11.67,84.87,60.0,1,1,0,0,8,
1713,11.53,86.05,58.8,1,1,0,0,8,
1714,11.64,85.09,56.3,1,1,0,0,8,
1715,11.62,85.05,62.2,1,1,0,0,8,
1716,11.68,84.78,57.6,1,1,0,0,8,
1717,11.73,84.44,61.1,1,1,0,0,8,
1718,11.67,84.81,58.8,1,1,0,0,8,
1719,11.53,85.68,62.2,1,1,0,0,8,
1720,11.77,84.15,54.8,1,1,0,0,8,
1721,11.64,85.1,62.2,1,1,0,0,8,
1722,11.65,85.04,58.8,1,1,0,0,8,
1723,11.67,84.73,60.0,1,1,0,0,8,
1724,11.63,85.15,58.8,1,1,0,0,8,
1725,11.49,86.3,63.2,1,1,0,0,8,
1726,11.67,84.86,54.8,1,1,0,0,8,
1727,11.51,85.87,60.0,1,1,0,0,8,
1728,11.69,84.72,62.9,1,1,0,0,8,
1729,11.7,84.72,61.1,1,1,0,0,8,
1730,11.72,84.48,53.3,1,1,0,0,8,
1731,11.63,85.02,60.0,1,1,0,0,8,
1732,11.73,84.42,53.3,1,1,0,0,8,
1733,11.68,84.81,61.1,1,1,0,0,8,
1734,11.67,84.84,57.6,1,1,0,0,8,
1735,11.64,84.96,61.1,1,1,0,0,8,
1736,11.59,85.45,57.6,1,1,0,0,8,
1737,11.42,86.86,61.1,1,1,0,0,8,
1738,11.67,84.91,61.1,1,1,0,0,8,
1739,11.85,83.42,56.3,1,1,0,0,8,
1740,11.7,84.71,60.6,1,1,1,1,8,Person very close ahead
1741,11.82,83.87,60.0,1,1,0,0,8,
1742,11.74,84.35,57.6,1,1,0,0,8,
1743,11.72,84.3,58.8,1,1,0,0,8,
1744,11.77,84.13,62.2,1,1,0,0,8,
1745,11.68,84.68,57.6,1,1,0,0,8,
1746,11.75,84.28,62.2,1,1,0,0,8,
1747,11.66,84.78,57.6,1,1,0,0,8,
1748,11.44,86.6,56.3,1,1,0,0,8,
1749,11.79,84.07,57.6,1,1,0,0,8,
1750,11.73,84.47,61.8,1,1,0,0,8,
1751,11.72,84.35,58.8,1,1,0,0,8,
1752,11.72,84.52,56.2,1,1,0,0,8,
1753,11.8,84.03,62.2,1,1,0,0,8,
1754,11.73,84.4,58.8,1,1,0,0,8,
1755,11.72,84.33,54.8,1,1,0,0,8,
1756,11.72,84.5,63.2,1,1,0,0,8,
1757,11.72,84.52,58.8,1,1,0,0,8,
1758,11.04,89.71,66.7,1,1,0,0,8,
1759,11.7,84.47,58.8,1,1,0,0,8,
1760,11.58,85.53,61.1,1,1,0,0,8,
1761,11.68,84.95,57.6,1,1,0,0,8,
1762,11.77,84.14,64.1,1,1,0,0,8,
1763,11.71,84.37,58.8,1,1,0,0,8,
1764,11.86,83.65,56.3,1,1,0,0,8,
1765,11.8,84.1,59.4,1,1,0,0,8,
1766,11.74,84.48,62.2,1,1,0,0,8,
