frame,time_s,latency_ms,fps,cpu_percent,ram_percent,temperature_c,detections,tracks,raw_messages,context_messages,message,reason
0,0.0,166.27,6.01,7.1,16.3,41.7,1,1,1,1,person ahead,new_object
1,1.329,106.73,9.37,55.8,16.3,41.7,1,1,1,0,,
2,1.438,105.6,9.47,53.7,16.3,42.8,1,1,1,0,,
3,1.546,105.16,9.51,53.7,16.3,42.8,1,1,1,0,,
4,1.654,105.04,9.52,52.5,16.3,42.8,1,1,1,0,,
5,1.762,109.44,9.14,62.2,16.4,42.8,1,1,1,0,,
6,1.874,105.98,9.44,56.8,16.4,43.3,1,1,1,0,,
7,1.983,105.22,9.5,55.8,16.4,42.8,1,1,1,0,,
8,2.091,104.86,9.54,54.8,16.4,43.9,2,2,2,0,,
9,2.198,104.74,9.55,57.8,16.4,45.0,1,2,2,0,,
10,2.306,104.94,9.53,57.1,16.4,44.4,1,2,2,0,,
11,2.413,106.03,9.43,56.8,16.4,43.9,1,2,2,0,,
12,2.522,104.79,9.54,55.8,16.4,44.4,2,2,2,0,,
13,2.629,104.97,9.53,57.8,16.4,44.4,2,2,2,0,,
14,2.737,105.02,9.52,55.8,16.4,43.9,1,2,2,0,,
15,2.845,108.46,9.22,61.7,16.4,43.9,1,2,2,0,,
16,2.956,105.58,9.47,54.8,16.4,45.5,2,2,2,0,,
17,3.064,104.74,9.55,56.8,16.4,45.0,2,2,2,0,,
18,3.171,104.66,9.55,55.8,16.4,45.5,1,2,2,0,,
19,3.279,105.24,9.5,55.8,16.4,45.5,2,2,2,0,,
20,3.387,105.14,9.51,54.8,16.4,45.0,1,2,2,0,,
21,3.495,107.22,9.33,52.5,16.4,46.1,2,2,2,0,,
22,3.604,105.67,9.46,51.3,16.4,46.1,2,2,2,0,,
23,3.713,105.02,9.52,50.0,16.4,45.5,1,2,2,0,,
24,3.82,106.81,9.36,52.5,16.4,45.5,2,2,2,0,,
25,3.93,105.49,9.48,55.8,16.4,46.6,1,2,2,0,,
26,4.038,106.27,9.41,56.8,16.4,46.6,1,2,2,0,,
27,4.147,105.51,9.48,54.8,16.4,46.1,2,2,2,0,,
28,4.255,105.34,9.49,55.8,16.4,46.1,1,2,2,0,,
29,4.363,105.17,9.51,55.8,16.4,46.6,2,2,2,0,,
30,4.471,106.15,9.42,54.8,16.4,47.2,2,2,2,0,,
31,4.58,105.74,9.46,57.8,16.4,46.1,1,2,2,0,,
32,4.688,105.73,9.46,53.7,16.4,46.1,2,2,2,0,,
33,4.797,105.33,9.49,54.8,16.4,46.6,2,2,2,0,,
34,4.905,106.5,9.39,57.8,16.4,47.7,2,2,2,0,,
35,5.014,105.39,9.49,57.1,16.4,46.6,2,2,2,0,,
36,5.122,105.03,9.52,57.8,16.4,46.6,1,2,2,0,,
37,5.23,105.63,9.47,57.8,16.4,47.2,1,2,2,0,,
38,5.338,105.32,9.5,54.8,16.4,47.7,1,2,2,0,,
39,5.446,105.15,9.51,56.8,16.4,46.6,1,2,2,0,,
40,5.554,105.31,9.5,56.8,16.4,46.6,1,2,2,0,,
41,5.662,106.55,9.39,54.8,16.4,47.7,2,3,3,0,,
42,5.771,105.69,9.46,56.8,16.3,46.6,1,3,3,0,,
43,5.879,107.14,9.33,55.8,16.3,47.7,1,3,3,0,,
44,5.989,105.86,9.45,58.7,16.3,48.3,1,3,3,0,,
45,6.098,105.23,9.5,56.8,16.3,47.7,1,3,3,0,,
46,6.205,105.26,9.5,59.1,16.3,47.7,2,3,3,0,,
47,6.313,105.71,9.46,59.6,16.3,48.3,1,3,3,1,person ahead,cooldown
48,6.422,106.01,9.43,54.8,16.3,47.2,1,3,3,0,,
49,6.53,105.72,9.46,57.8,16.3,48.3,1,3,3,0,,
50,6.639,105.78,9.45,54.8,16.3,47.7,1,3,3,0,,
51,6.747,114.64,8.72,60.0,16.4,48.3,2,4,4,1,chair ahead,new_object
52,6.865,106.31,9.41,55.8,16.4,47.7,1,3,3,0,,
53,6.974,105.48,9.48,57.4,16.4,48.3,1,3,3,0,,
54,7.082,105.45,9.48,58.1,16.4,48.3,2,3,3,0,,
55,7.19,105.41,9.49,56.8,16.4,47.7,2,4,4,1,kite on the right,new_object
56,7.298,105.04,9.52,55.8,16.4,48.8,1,4,4,0,,
57,7.406,105.52,9.48,58.7,16.4,48.3,2,3,3,0,,
58,7.514,104.99,9.52,55.8,16.4,47.7,3,4,4,1,person ahead,new_object
59,7.622,105.29,9.5,57.8,16.4,49.4,2,4,4,0,,
60,7.73,105.48,9.48,57.8,16.4,47.7,2,4,4,0,,
61,7.838,108.38,9.23,62.5,16.4,49.4,1,4,4,0,,
62,7.949,105.33,9.49,53.7,16.4,48.3,2,4,4,0,,
63,8.057,105.14,9.51,51.3,16.4,49.4,2,4,4,0,,
64,8.165,105.39,9.49,54.8,16.4,48.3,1,4,4,0,,
65,8.273,105.55,9.47,53.7,16.4,48.8,3,5,5,0,,
66,8.381,105.07,9.52,51.3,16.4,48.8,1,4,4,0,,
67,8.488,105.54,9.47,52.5,16.4,49.4,1,4,4,0,,
68,8.597,105.91,9.44,54.8,16.4,49.4,1,4,4,0,,
69,8.705,105.69,9.46,58.7,16.4,49.4,1,3,3,0,,
70,8.814,106.8,9.36,57.8,16.4,49.9,1,3,3,0,,
71,8.923,106.57,9.38,56.8,16.4,48.3,1,3,3,0,,
72,9.032,105.31,9.5,53.7,16.4,47.7,0,3,3,0,,
73,9.14,105.27,9.5,51.3,16.4,48.8,1,3,3,0,,
74,9.248,105.17,9.51,52.5,16.4,49.4,2,4,4,0,,
75,9.356,104.52,9.57,55.0,16.4,49.4,0,4,4,0,,
76,9.463,105.37,9.49,54.8,16.4,49.9,1,4,4,1,vase ahead,new_object
77,9.571,105.37,9.49,53.7,16.4,48.8,1,5,5,1,toothbrush ahead,new_object
78,9.679,106.01,9.43,56.8,16.4,49.4,1,5,5,0,,
79,9.788,105.62,9.47,50.0,16.3,49.4,2,5,5,0,,
80,9.896,105.82,9.45,55.8,16.3,49.9,0,5,5,0,,
81,10.005,105.94,9.44,60.0,16.3,49.9,0,5,5,0,,
82,10.114,104.89,9.53,56.8,16.3,49.4,1,4,4,0,,
83,10.221,104.97,9.53,54.8,16.3,49.9,1,4,4,0,,
84,10.329,105.03,9.52,52.5,16.3,50.5,1,4,4,0,,
85,10.436,105.55,9.47,55.8,16.3,49.9,2,4,4,1,cup ahead,new_object
86,10.545,105.44,9.48,55.8,16.3,49.9,1,4,4,0,,
87,10.653,105.74,9.46,54.8,16.3,50.5,1,4,4,0,,
88,10.761,105.39,9.49,53.7,16.3,49.9,1,3,3,0,,
89,10.869,107.54,9.3,57.8,16.3,49.9,1,3,3,0,,
90,10.979,106.75,9.37,57.8,16.3,51.0,1,3,3,0,,
91,11.089,106.49,9.39,58.7,16.3,50.5,1,3,3,0,,
92,11.198,105.88,9.44,51.3,16.3,51.0,2,4,4,0,,
93,11.307,105.52,9.48,56.8,16.3,50.5,1,4,4,0,,
94,11.415,105.96,9.44,56.8,16.3,50.5,1,4,4,1,person ahead,cooldown
95,11.523,105.09,9.52,54.8,16.3,49.9,1,4,4,0,,
96,11.631,105.63,9.47,52.5,16.3,50.5,1,3,3,0,,
97,11.739,109.71,9.12,61.4,16.3,50.5,1,3,3,0,,
98,11.852,106.83,9.36,54.8,16.3,50.5,1,3,3,0,,
99,11.961,106.13,9.42,54.8,16.3,49.9,0,3,3,0,,
100,12.07,106.22,9.41,58.7,16.3,50.5,2,4,4,1,bird ahead,new_object
101,12.179,107.32,9.32,53.7,16.3,51.0,1,4,4,0,,
102,12.289,106.72,9.37,53.7,16.3,50.5,2,5,5,0,,
103,12.399,106.28,9.41,54.8,16.3,51.0,1,4,4,0,,
104,12.508,106.95,9.35,54.8,16.3,51.0,1,4,4,0,,
105,12.617,106.63,9.38,54.8,16.3,50.5,1,4,4,0,,
106,12.727,106.4,9.4,55.8,16.3,50.5,1,4,4,0,,
107,12.836,108.2,9.24,56.8,16.3,51.0,1,4,4,0,,
108,12.947,106.75,9.37,54.8,16.3,50.5,1,4,4,0,,
109,13.056,106.29,9.41,55.8,16.3,51.0,1,3,3,0,,
110,13.165,105.47,9.48,54.8,16.3,51.0,1,3,3,0,,
111,13.273,106.83,9.36,56.8,16.3,51.0,1,2,2,0,,
112,13.383,106.05,9.43,58.7,16.3,50.5,1,2,2,0,,
113,13.491,105.85,9.45,55.8,16.3,51.0,1,1,1,0,,
114,13.6,106.27,9.41,53.7,16.3,51.6,2,2,2,0,,
115,13.709,106.24,9.41,58.7,16.3,51.6,1,2,2,0,,
116,13.818,107.6,9.29,53.7,16.3,51.0,2,2,2,0,,
117,13.929,106.23,9.41,57.4,16.3,51.6,1,2,2,0,,
118,14.038,105.7,9.46,51.3,16.3,51.0,2,2,2,0,,
119,14.146,106.15,9.42,57.8,16.3,51.6,1,2,2,0,,
120,14.255,106.12,9.42,54.8,16.3,51.6,1,2,2,0,,
121,14.364,106.61,9.38,53.7,16.3,51.6,1,2,2,0,,
122,14.473,106.58,9.38,52.5,16.3,49.9,1,2,2,0,,
123,14.583,106.37,9.4,56.8,16.3,50.5,1,2,2,0,,
124,14.692,106.59,9.38,54.8,16.3,51.0,1,2,2,0,,
125,14.801,106.1,9.42,57.8,16.3,51.0,1,2,2,0,,
126,14.91,107.11,9.34,52.5,16.3,51.6,1,2,2,0,,
127,15.02,105.91,9.44,54.5,16.3,51.0,1,2,2,0,,
128,15.129,105.92,9.44,57.8,16.3,51.0,1,2,2,0,,
129,15.238,106.19,9.42,54.8,16.3,51.6,1,1,1,0,,
130,15.346,105.98,9.44,55.8,16.3,52.1,1,1,1,0,,
131,15.455,107.12,9.34,56.8,16.3,51.6,1,1,1,0,,
132,15.565,105.92,9.44,56.8,16.3,51.6,2,2,2,0,,
133,15.674,105.96,9.44,58.7,16.2,51.6,2,2,2,0,,
134,15.782,106.44,9.4,57.8,16.2,51.6,2,3,3,0,,
135,15.891,107.23,9.33,55.8,16.2,51.6,2,3,3,0,,
136,16.002,106.4,9.4,58.7,16.2,52.7,1,3,3,0,,
137,16.111,105.67,9.46,55.8,16.2,51.6,1,3,3,0,,
138,16.22,106.63,9.38,55.8,16.2,52.1,1,3,3,0,,
139,16.329,105.76,9.46,57.8,16.2,52.1,1,3,3,0,,
140,16.438,106.14,9.42,57.8,16.2,52.7,1,3,3,1,person ahead,cooldown
141,16.546,106.59,9.38,54.8,16.2,51.0,1,3,3,0,,
142,16.656,105.78,9.45,55.8,16.2,51.0,1,3,3,0,,
143,16.764,109.76,9.11,60.0,16.3,52.1,2,4,4,0,,
144,16.877,107.21,9.33,52.5,16.3,51.6,2,3,3,0,,
145,16.987,106.22,9.41,58.7,16.3,51.6,2,3,3,0,,
146,17.095,105.65,9.47,56.8,16.3,51.6,2,2,2,0,,
147,17.204,105.49,9.48,56.8,16.3,52.7,3,3,3,0,,
148,17.312,106.78,9.37,52.5,16.3,52.1,2,3,3,0,,
149,17.421,105.59,9.47,58.7,16.3,52.7,2,3,3,0,,
150,17.53,105.36,9.49,59.6,16.3,52.1,1,3,3,0,,
151,17.638,106.78,9.37,56.8,16.3,52.1,1,3,3,0,,
152,17.747,106.65,9.38,51.3,16.3,52.1,1,3,3,0,,
153,17.857,107.48,9.3,59.6,16.3,52.7,1,3,3,0,,
154,17.967,106.68,9.37,53.7,16.3,52.7,1,3,3,0,,
155,18.076,106.37,9.4,55.8,16.3,51.6,1,3,3,0,,
156,18.185,105.82,9.45,57.8,16.3,52.7,1,3,3,0,,
157,18.294,106.06,9.43,52.5,16.3,52.1,1,3,3,0,,
158,18.403,106.14,9.42,57.8,16.3,52.1,1,2,2,0,,
159,18.511,105.92,9.44,54.8,16.3,52.1,2,3,3,0,,
160,18.62,106.31,9.41,52.5,16.3,52.7,3,3,3,0,,
161,18.729,106.75,9.37,58.7,16.3,51.0,3,3,3,0,,
162,18.839,107.79,9.28,56.8,16.3,52.7,3,3,3,1,person on the left,position_changed
163,18.949,106.8,9.36,57.8,16.3,52.1,3,3,3,0,,
164,19.06,106.21,9.42,55.8,16.3,52.7,3,3,3,0,,
165,19.168,106.37,9.4,54.8,16.3,52.1,2,3,3,0,,
166,19.278,106.19,9.42,56.8,16.3,53.2,5,5,5,0,,
167,19.386,106.11,9.42,57.8,16.3,52.7,4,6,6,0,,
168,19.495,106.13,9.42,52.5,16.3,52.1,3,6,6,0,,
169,19.604,105.53,9.48,53.5,16.3,52.1,5,7,7,0,,
170,19.712,106.15,9.42,51.3,16.3,52.7,4,7,7,0,,
171,19.821,107.68,9.29,59.6,16.3,53.2,6,7,7,0,,
172,19.931,106.1,9.42,54.8,16.3,53.2,5,7,7,0,,
173,20.04,106.57,9.38,53.7,16.3,52.1,5,7,7,0,,
174,20.15,106.29,9.41,53.7,16.3,53.2,3,7,7,0,,
175,20.258,106.03,9.43,57.8,16.3,52.7,3,7,7,0,,
176,20.367,106.26,9.41,52.5,16.3,52.1,3,7,7,0,,
177,20.476,106.71,9.37,55.8,16.3,53.2,3,6,6,0,,
178,20.586,105.77,9.45,58.7,16.3,53.8,4,7,7,0,,
179,20.694,105.71,9.46,50.0,16.2,52.7,4,7,7,1,person ahead,position_changed
180,20.802,106.1,9.42,57.8,16.2,53.8,4,7,7,0,,
181,20.913,106.82,9.36,53.5,16.2,53.2,1,7,7,0,,
182,21.023,106.1,9.43,53.7,16.2,52.7,1,7,7,0,,
183,21.132,105.66,9.46,56.8,16.2,52.1,2,8,8,0,,
184,21.24,105.69,9.46,55.8,16.2,52.7,4,7,7,0,,
185,21.348,106.61,9.38,54.8,16.2,53.2,4,7,7,0,,
186,21.458,106.37,9.4,56.8,16.2,53.2,3,7,7,0,,
187,21.567,105.8,9.45,55.8,16.2,53.8,2,7,7,0,,
188,21.675,106.7,9.37,56.8,16.2,53.8,3,7,7,0,,
189,21.785,112.31,8.9,61.7,16.2,53.8,2,7,7,1,person on the right,position_changed
190,21.9,107.37,9.31,54.8,16.2,52.7,2,7,7,0,,
191,22.01,107.12,9.34,56.8,16.2,52.7,3,5,5,0,,
192,22.22,106.74,9.37,27.2,16.2,52.7,7,9,9,0,,
193,22.329,106.96,9.35,54.8,16.2,53.2,6,10,10,0,,
194,22.439,106.68,9.37,54.8,16.2,52.1,6,10,10,0,,
195,22.548,106.77,9.37,56.8,16.2,52.1,4,10,10,0,,
196,22.658,106.45,9.39,57.8,16.2,53.2,4,9,9,0,,
197,22.767,107.15,9.33,53.7,16.2,52.7,4,9,9,0,,
198,22.877,107.55,9.3,56.8,16.2,52.7,5,10,10,0,,
199,22.987,106.34,9.4,53.7,16.2,53.8,4,9,9,0,,
200,23.096,105.37,9.49,53.7,16.2,53.2,5,9,9,0,,
201,23.204,106.59,9.38,56.8,16.2,53.2,4,9,9,0,,
202,23.314,105.45,9.48,57.8,16.2,52.7,4,9,9,0,,
203,23.422,105.78,9.45,56.8,16.2,53.8,5,8,8,0,,
204,23.53,105.46,9.48,54.8,16.2,52.7,5,7,7,0,,
205,23.638,105.75,9.46,53.7,16.2,53.2,6,7,7,0,,
206,23.747,105.5,9.48,57.8,16.2,53.2,5,7,7,0,,
207,23.855,106.99,9.35,57.8,16.2,53.8,5,7,7,0,,
208,23.965,106.18,9.42,55.8,16.2,53.2,5,7,7,0,,
209,24.073,105.97,9.44,58.7,16.2,53.2,4,6,6,0,,
210,24.182,105.78,9.45,52.5,16.2,53.8,4,6,6,0,,
211,24.291,107.46,9.31,53.5,16.2,53.2,4,6,6,0,,
212,24.401,105.83,9.45,54.8,16.2,53.8,4,6,6,0,,
213,24.509,105.83,9.45,58.7,16.2,53.2,5,6,6,0,,
214,24.618,105.56,9.47,57.8,16.2,53.8,4,6,6,0,,
215,24.726,105.84,9.45,53.7,16.2,53.8,5,6,6,0,,
216,24.835,107.26,9.32,56.5,16.2,53.8,6,6,6,0,,
217,24.944,106.53,9.39,55.8,16.2,54.3,4,6,6,0,,
218,25.054,106.24,9.41,52.5,16.2,54.3,4,6,6,0,,
219,25.163,105.63,9.47,56.8,16.2,53.2,4,6,6,0,,
220,25.271,105.88,9.45,56.8,16.2,53.8,6,7,7,0,,
221,25.38,106.21,9.42,56.8,16.2,53.2,5,7,7,0,,
222,25.488,106.37,9.4,52.5,16.2,53.2,4,7,7,0,,
223,25.597,105.73,9.46,57.8,16.2,53.2,4,7,7,0,,
224,25.706,106.01,9.43,53.7,16.1,54.3,4,7,7,0,,
225,25.815,107.04,9.34,58.7,16.1,53.2,4,7,7,0,,
226,25.924,105.91,9.44,53.7,16.1,54.3,5,7,7,0,,
227,26.033,106.28,9.41,58.7,16.1,54.3,5,7,7,0,,
228,26.142,105.48,9.48,57.8,16.1,53.2,6,7,7,0,,
229,26.25,105.85,9.45,52.5,16.1,53.8,4,7,7,0,,
230,26.359,105.43,9.49,55.8,16.1,54.3,6,8,8,0,,
231,26.467,106.37,9.4,54.8,16.1,54.3,3,7,7,0,,
232,26.576,105.74,9.46,55.8,16.1,53.2,2,7,7,0,,
233,26.684,106.47,9.39,55.8,16.1,54.3,3,7,7,0,,
234,26.793,117.32,8.52,59.2,16.2,53.2,4,7,7,1,person on the right,cooldown
235,26.914,106.54,9.39,58.7,16.2,54.3,3,7,7,0,,
236,27.023,106.49,9.39,57.8,16.2,53.8,3,7,7,0,,
237,27.133,106.24,9.41,53.5,16.2,54.9,2,7,7,0,,
238,27.242,105.79,9.45,57.8,16.2,54.3,2,7,7,0,,
239,27.35,106.07,9.43,56.8,16.2,53.8,1,6,6,0,,
240,27.459,106.15,9.42,53.7,16.2,54.9,1,6,6,0,,
241,27.568,106.54,9.39,55.8,16.2,54.3,1,5,5,0,,
242,27.678,106.3,9.41,55.8,16.2,54.3,1,4,4,0,,
243,27.787,108.02,9.26,54.8,16.1,52.1,1,4,4,0,,
244,27.898,107.34,9.32,56.8,16.1,54.3,1,4,4,1,person ahead,position_changed
245,28.008,106.62,9.38,54.8,16.1,54.3,1,3,3,0,,
246,28.117,106.2,9.42,59.6,16.1,53.8,1,3,3,0,,
247,28.226,105.94,9.44,52.5,16.1,54.3,1,3,3,0,,
248,28.335,106.81,9.36,54.8,16.1,53.8,1,2,2,0,,
249,28.444,106.76,9.37,55.8,16.1,54.9,1,1,1,0,,
250,28.553,105.74,9.46,58.7,16.1,54.3,1,1,1,0,,
251,28.662,106.66,9.38,57.8,16.1,54.3,1,1,1,0,,
252,28.771,106.82,9.36,56.8,16.1,54.3,1,1,1,0,,
253,28.881,107.4,9.31,56.8,16.1,53.2,1,1,1,0,,
254,28.991,106.66,9.38,52.5,16.1,54.3,1,1,1,1,person on the left,position_changed
255,29.1,107.06,9.34,56.8,16.1,54.3,3,3,3,0,,
256,29.21,106.37,9.4,52.4,16.1,54.3,3,3,3,0,,
257,29.319,105.83,9.45,54.8,16.1,54.9,3,3,3,0,,
258,29.428,105.79,9.45,56.8,16.1,54.3,3,3,3,0,,
259,29.536,105.49,9.48,52.5,16.1,54.9,5,6,6,0,,
260,29.644,106.17,9.42,54.8,16.1,53.8,6,8,8,0,,
261,29.753,106.46,9.39,52.5,16.1,54.3,5,8,8,0,,
262,29.862,108.51,9.22,56.8,16.1,53.8,4,8,8,0,,
263,29.974,107.19,9.33,52.5,16.1,53.8,5,9,9,0,,
264,30.083,106.29,9.41,55.8,16.1,54.3,3,9,9,0,,
265,30.192,105.68,9.46,53.7,16.1,54.3,5,9,9,0,,
266,30.301,106.1,9.43,55.8,16.1,53.8,3,9,9,0,,
267,30.41,105.45,9.48,56.8,16.1,54.3,3,9,9,0,,
268,30.518,105.65,9.47,56.8,16.1,54.3,3,9,9,0,,
269,30.626,105.35,9.49,56.8,16.1,53.8,4,9,9,0,,
270,30.734,105.98,9.44,52.5,16.1,55.4,3,8,8,0,,
271,30.843,107.83,9.27,57.8,16.1,54.3,6,7,7,0,,
272,30.953,106.29,9.41,58.7,16.1,54.9,4,7,7,0,,
273,31.062,105.74,9.46,52.5,16.1,54.3,5,7,7,0,,
274,31.171,106.39,9.4,58.7,16.1,55.4,4,7,7,0,,
275,31.28,108.3,9.23,55.8,16.1,54.3,4,7,7,0,,
276,31.391,106.74,9.37,55.8,16.1,54.9,4,7,7,0,,
277,31.5,106.22,9.41,55.8,16.1,54.9,3,7,7,0,,
278,31.609,106.42,9.4,58.7,16.1,55.4,4,7,7,0,,
279,31.718,106.32,9.41,54.5,16.1,54.3,1,7,7,0,,
280,31.827,111.51,8.97,61.4,16.2,54.9,1,7,7,0,,
281,31.941,106.51,9.39,60.0,16.2,55.4,1,7,7,1,person ahead,position_changed
282,32.051,107.39,9.31,54.8,16.2,55.4,1,6,6,0,,
283,32.161,106.12,9.42,55.8,16.2,54.9,1,6,6,0,,
284,32.27,106.2,9.42,57.8,16.2,54.9,1,5,5,0,,
285,32.378,106.02,9.43,57.8,16.2,54.3,1,5,5,0,,
286,32.487,106.7,9.37,55.6,16.2,54.9,3,6,6,0,,
287,32.597,106.14,9.42,50.0,16.2,54.9,4,7,7,0,,
288,32.705,106.28,9.41,58.7,16.2,55.4,5,7,7,0,,
289,32.814,109.17,9.16,55.8,16.2,54.9,5,7,7,0,,
290,32.926,106.06,9.43,51.3,16.2,54.9,4,7,7,0,,
291,33.035,106.09,9.43,56.8,16.2,54.9,5,7,7,0,,
292,33.144,106.26,9.41,54.8,16.2,54.3,5,8,8,0,,
293,33.253,106.69,9.37,58.7,16.2,54.9,4,8,8,0,,
294,33.362,105.75,9.46,51.3,16.2,54.9,3,8,8,0,,
295,33.471,106.11,9.42,56.8,16.2,54.9,4,8,8,0,,
296,33.579,106.94,9.35,55.8,16.2,55.4,4,8,8,0,,
297,33.689,106.58,9.38,57.8,16.2,55.4,5,7,7,0,,
298,33.798,106.56,9.38,56.5,16.1,54.3,4,6,6,0,,
299,33.907,108.03,9.26,56.8,16.1,54.9,5,6,6,0,,
300,34.018,106.12,9.42,57.8,16.1,54.9,5,6,6,0,,
301,34.127,107.43,9.31,55.8,16.1,54.3,3,6,6,0,,
302,34.237,106.41,9.4,57.8,16.1,54.9,4,5,5,0,,
303,34.346,106.11,9.42,57.8,16.1,56.0,5,6,6,0,,
304,34.455,107.49,9.3,55.8,16.1,54.9,5,6,6,0,,
305,34.565,106.68,9.37,56.8,16.1,55.4,5,6,6,0,,
306,34.675,106.33,9.4,58.7,16.1,55.4,6,6,6,0,,
307,34.784,106.69,9.37,53.5,16.1,54.9,5,6,6,0,,
308,34.893,107.78,9.28,58.7,16.1,54.9,4,6,6,1,person on the right,new_object
309,35.004,107.54,9.3,54.8,16.1,55.4,3,6,6,0,,
310,35.114,106.81,9.36,54.8,16.1,55.4,4,7,7,0,,
311,35.223,107.54,9.3,55.8,16.1,54.9,3,7,7,0,,
312,35.334,106.24,9.41,54.8,16.1,55.4,3,7,7,0,,
313,35.443,106.16,9.42,57.8,16.1,55.4,2,7,7,0,,
314,35.551,105.81,9.45,55.8,16.1,54.9,1,7,7,0,,
315,35.66,106.33,9.4,52.5,16.1,54.9,1,7,7,0,,
316,35.769,106.57,9.38,58.7,16.1,55.4,1,7,7,0,,
317,35.878,107.71,9.28,57.8,16.1,53.8,4,7,7,0,,
318,35.989,106.12,9.42,54.8,16.1,55.4,3,7,7,1,person on the left,position_changed
319,36.097,106.88,9.36,53.7,16.1,55.4,5,7,7,0,,
320,36.207,106.09,9.43,55.8,16.1,55.4,5,8,8,0,,
321,36.316,106.57,9.38,54.8,16.1,55.4,4,8,8,0,,
322,36.425,106.98,9.35,57.8,16.1,54.9,4,8,8,0,,
323,36.535,107.24,9.32,55.8,16.1,55.4,5,8,8,0,,
324,36.645,105.64,9.47,55.8,16.1,55.4,4,7,7,0,,
325,36.753,116.09,8.61,60.8,16.1,56.0,4,7,7,0,,
326,36.872,107.37,9.31,58.7,16.1,54.9,4,7,7,0,,
327,36.982,105.94,9.44,53.7,16.1,54.9,3,7,7,0,,
328,37.091,106.26,9.41,56.8,16.1,55.4,3,6,6,0,,
329,37.2,106.81,9.36,56.8,16.1,56.0,3,6,6,0,,
330,37.309,106.75,9.37,57.8,16.1,55.4,4,6,6,0,,
331,37.419,106.29,9.41,57.8,16.1,55.4,4,6,6,0,,
332,37.528,106.57,9.38,58.7,16.1,56.0,4,6,6,0,,
333,37.637,106.11,9.42,54.8,16.1,56.0,4,7,7,0,,
334,37.746,106.25,9.41,57.8,16.1,55.4,3,7,7,0,,
335,37.855,107.22,9.33,54.8,16.1,56.0,3,7,7,0,,
336,37.966,106.24,9.41,57.8,16.1,55.4,4,7,7,0,,
337,38.074,105.88,9.44,55.6,16.1,56.0,3,7,7,0,,
338,38.183,105.46,9.48,54.8,16.1,56.0,3,7,7,0,,
339,38.291,106.15,9.42,52.5,16.1,55.4,3,7,7,0,,
340,38.4,105.88,9.44,57.8,16.1,55.4,2,7,7,0,,
341,38.509,106.83,9.36,56.8,16.1,56.0,1,6,6,0,,
342,38.618,105.51,9.48,53.7,16.1,54.3,1,6,6,0,,
343,38.726,105.74,9.46,57.8,16.1,56.0,1,6,6,1,person ahead,position_changed
344,38.835,107.15,9.33,59.1,16.1,55.4,1,4,4,0,,
345,38.945,106.15,9.42,57.8,16.1,56.0,1,4,4,0,,
346,39.054,105.8,9.45,57.8,16.1,56.0,1,4,4,0,,
347,39.162,105.75,9.46,54.8,16.1,55.4,1,3,3,0,,
348,39.27,106.5,9.39,56.8,16.1,56.5,1,3,3,0,,
349,39.38,106.58,9.38,53.5,16.1,56.0,1,3,3,0,,
350,39.489,106.76,9.37,55.8,16.1,56.0,1,2,2,0,,
351,39.598,106.77,9.37,52.5,16.1,56.0,1,1,1,0,,
352,39.708,106.53,9.39,55.8,16.1,56.0,1,1,1,0,,
353,39.817,107.97,9.26,53.7,16.1,54.9,1,1,1,0,,
354,39.928,106.5,9.39,54.8,16.1,56.5,2,2,2,0,,
355,40.037,106.81,9.36,53.7,16.1,56.0,2,2,2,0,,
356,40.146,106.06,9.43,56.8,16.1,55.4,2,2,2,0,,
357,40.255,106.66,9.38,54.8,16.1,56.5,2,2,2,0,,
358,40.365,107.12,9.34,55.6,16.1,55.4,2,2,2,0,,
359,40.474,106.37,9.4,56.8,16.1,56.0,2,2,2,0,,
360,40.583,106.55,9.39,55.8,16.1,56.0,3,3,3,0,,
361,40.693,107.64,9.29,57.8,16.1,56.5,3,3,3,0,,
362,40.803,106.48,9.39,51.3,16.1,54.9,3,3,3,0,,
363,40.913,106.93,9.35,57.8,16.1,55.4,4,4,4,0,,
364,41.024,106.36,9.4,53.5,16.1,56.0,3,4,4,0,,
365,41.133,106.33,9.4,55.8,16.1,56.5,3,4,4,0,,
366,41.242,106.26,9.41,57.8,16.1,54.9,3,5,5,0,,
367,41.351,106.08,9.43,55.8,16.1,56.5,1,5,5,0,,
368,41.46,106.73,9.37,54.8,16.1,55.4,1,5,5,0,,
369,41.569,106.73,9.37,54.8,16.1,54.9,1,5,5,0,,
370,41.679,106.34,9.4,54.8,16.1,55.4,1,5,5,0,,
371,41.788,113.06,8.85,60.9,16.1,55.4,1,5,5,0,,
372,41.903,108.01,9.26,53.7,16.1,54.3,3,7,7,0,,
373,42.116,105.49,9.48,29.8,16.1,55.4,2,7,7,0,,
374,42.224,106.41,9.4,55.8,16.1,54.9,3,6,6,0,,
375,42.333,107.06,9.34,56.5,16.1,56.5,3,6,6,0,,
376,42.443,106.36,9.4,56.8,16.1,56.0,3,5,5,0,,
377,42.552,106.48,9.39,54.8,16.1,54.3,4,4,4,1,person on the left,position_changed
378,42.661,106.13,9.42,57.8,16.1,56.0,3,4,4,0,,
379,42.77,107.91,9.27,56.1,16.1,56.0,2,4,4,0,,
380,42.88,108.09,9.25,53.7,16.1,56.0,2,4,4,0,,
381,42.991,107.44,9.31,54.5,16.1,55.4,3,4,4,0,,
382,43.101,106.98,9.35,54.8,16.1,55.4,5,6,6,0,,
383,43.305,106.32,9.41,32.5,16.1,56.0,4,6,6,0,,
384,43.414,106.27,9.41,53.7,16.1,55.4,5,6,6,0,,
385,43.523,106.57,9.38,52.5,16.1,55.4,5,6,6,0,,
386,43.632,105.93,9.44,58.7,16.1,56.0,6,7,7,0,,
387,43.741,106.5,9.39,55.8,16.1,56.5,7,7,7,0,,
388,43.85,107.7,9.29,54.5,16.1,56.5,7,8,8,0,,
389,43.96,107.02,9.34,53.7,16.1,55.4,7,8,8,0,,
390,44.07,106.35,9.4,54.8,16.1,56.5,7,8,8,0,,
391,44.179,107.44,9.31,55.8,16.1,56.0,7,8,8,0,,
392,44.289,106.88,9.36,55.8,16.1,56.0,7,8,8,0,,
393,44.399,106.43,9.4,56.8,16.1,56.0,6,8,8,0,,
394,44.508,107.33,9.32,52.4,16.1,54.9,7,8,8,0,,
395,44.618,106.74,9.37,55.8,16.1,55.4,7,8,8,0,,
396,44.727,107.03,9.34,56.8,16.1,56.5,7,8,8,0,,
397,44.837,108.61,9.21,54.8,16.1,56.5,7,8,8,0,,
398,44.948,106.9,9.35,51.2,16.1,56.0,7,8,8,0,,
399,45.058,107.04,9.34,59.6,16.1,56.0,7,7,7,0,,
400,45.167,107.39,9.31,54.8,16.1,56.0,7,7,7,0,,
401,45.277,107.92,9.27,57.8,16.1,56.0,8,9,9,0,,
402,45.388,106.94,9.35,54.8,16.1,56.0,9,9,9,0,,
403,45.498,107.04,9.34,56.8,16.1,56.5,7,9,9,0,,
404,45.607,106.67,9.37,55.6,16.1,56.5,6,9,9,0,,
405,45.717,107.53,9.3,54.8,16.1,56.0,7,9,9,0,,
406,45.827,106.65,9.38,54.8,16.1,56.5,5,9,9,0,,
407,45.936,106.26,9.41,56.8,16.1,56.0,4,9,9,0,,
408,46.045,106.46,9.39,54.8,16.1,56.0,6,9,9,0,,
409,46.154,105.51,9.48,54.8,16.1,56.0,5,9,9,0,,
410,46.263,105.77,9.45,55.8,16.1,56.0,4,9,9,0,,
411,46.371,106.09,9.43,54.8,16.1,56.5,6,10,10,0,,
412,46.48,106.66,9.38,54.8,16.1,57.1,5,10,10,0,,
413,46.589,106.59,9.38,56.8,16.1,56.5,6,8,8,0,,
414,46.699,106.36,9.4,56.8,16.1,56.0,4,8,8,0,,
415,46.808,112.28,8.91,59.1,16.1,56.5,5,8,8,0,,
416,46.923,106.37,9.4,55.8,16.1,55.4,4,8,8,0,,
417,47.127,105.91,9.44,27.8,16.1,56.5,5,7,7,0,,
418,47.235,105.93,9.44,54.8,16.1,56.5,6,7,7,0,,
419,47.344,106.47,9.39,56.8,16.1,56.0,4,6,6,0,,
420,47.453,106.4,9.4,55.8,16.1,56.5,5,6,6,0,,
421,47.562,106.44,9.39,56.8,16.1,56.0,6,6,6,0,,
422,47.672,106.44,9.39,55.8,16.1,56.5,4,6,6,0,,
423,47.781,108.09,9.25,58.7,16.1,56.5,5,6,6,0,,
424,47.891,108.14,9.25,58.7,16.1,56.5,5,6,6,0,,
425,48.002,106.41,9.4,55.6,16.1,56.0,6,6,6,0,,
426,48.111,106.29,9.41,55.8,16.1,56.5,5,6,6,0,,
427,48.22,106.18,9.42,56.8,16.1,56.0,5,6,6,0,,
428,48.329,106.67,9.37,54.8,16.1,56.5,4,6,6,0,,
429,48.439,106.13,9.42,56.8,16.1,56.0,6,6,6,0,,
430,48.547,106.06,9.43,56.8,16.1,56.5,4,6,6,0,,
431,48.656,107.26,9.32,59.6,16.1,56.0,6,6,6,0,,
432,48.766,106.3,9.41,57.8,16.1,56.0,6,6,6,0,,
433,48.875,107.57,9.3,52.4,16.1,56.0,5,6,6,0,,
434,48.985,106.69,9.37,52.5,16.1,56.0,5,6,6,0,,
435,49.095,106.83,9.36,52.5,16.1,56.0,5,6,6,0,,
436,49.204,106.56,9.38,57.8,16.1,56.5,5,6,6,0,,
437,49.313,106.88,9.36,56.8,16.1,56.5,6,6,6,0,,
438,49.423,105.67,9.46,53.7,16.1,56.5,5,6,6,0,,
439,49.531,105.66,9.46,55.8,16.1,57.1,4,6,6,0,,
440,49.64,105.81,9.45,55.8,16.1,56.0,6,7,7,0,,
441,49.748,106.52,9.39,57.8,16.1,56.5,5,7,7,0,,
442,49.858,107.99,9.26,53.7,16.1,56.5,5,7,7,0,,
443,49.968,106.74,9.37,55.6,16.1,56.0,6,7,7,0,,
444,50.078,106.63,9.38,54.8,16.1,57.1,5,7,7,0,,
445,50.187,105.8,9.45,56.8,16.1,57.1,4,7,7,0,,
446,50.295,106.37,9.4,55.8,16.1,56.5,5,7,7,0,,
447,50.404,106.21,9.42,54.8,16.1,56.5,5,7,7,0,,
448,50.513,106.34,9.4,52.5,16.1,56.5,5,7,7,0,,
449,50.622,106.1,9.42,57.8,16.1,54.9,5,7,7,0,,
450,50.731,106.37,9.4,54.8,16.1,56.5,4,7,7,0,,
451,50.84,108.76,9.19,58.7,16.1,57.1,5,6,6,0,,
452,50.952,107.79,9.28,54.5,16.1,56.5,5,6,6,0,,
453,51.062,106.34,9.4,57.8,16.0,56.5,5,6,6,0,,
454,51.171,106.91,9.35,55.8,16.0,56.5,5,6,6,0,,
455,51.281,106.9,9.35,56.8,16.0,56.5,5,6,6,0,,
456,51.39,106.19,9.42,56.8,16.0,57.1,5,6,6,0,,
457,51.499,106.38,9.4,55.8,16.0,56.5,6,6,6,0,,
458,51.608,106.92,9.35,57.8,16.0,56.0,5,6,6,0,,
459,51.718,106.82,9.36,58.3,16.0,57.1,5,6,6,0,,
460,51.828,111.13,9.0,61.4,16.1,57.1,6,8,8,0,,
461,51.941,107.45,9.31,57.8,16.1,56.0,4,8,8,0,,
462,52.051,106.92,9.35,54.8,16.1,56.5,5,8,8,0,,
463,52.161,106.95,9.35,53.7,16.1,56.0,5,8,8,0,,
464,52.271,106.66,9.38,51.3,16.1,56.5,4,8,8,0,,
465,52.38,106.95,9.35,56.8,16.1,57.1,4,8,8,0,,
466,52.49,106.84,9.36,58.7,16.1,56.5,4,8,8,0,,
467,52.599,106.37,9.4,54.8,16.1,56.5,6,8,8,0,,
468,52.708,107.21,9.33,57.4,16.1,57.1,5,8,8,0,,
469,52.818,109.15,9.16,60.0,16.1,57.1,6,8,8,0,,
470,52.93,107.04,9.34,53.5,16.1,57.6,6,8,8,0,,
471,53.04,107.93,9.27,58.7,16.1,56.5,5,6,6,0,,
472,53.151,106.82,9.36,52.5,16.1,56.5,6,6,6,0,,
473,53.26,107.0,9.35,58.7,16.1,57.1,5,6,6,0,,
474,53.37,106.8,9.36,56.8,16.1,56.5,5,6,6,0,,
475,53.479,106.7,9.37,56.8,16.1,57.1,4,6,6,0,,
476,53.589,106.6,9.38,57.8,16.1,57.1,5,6,6,0,,
477,53.698,107.01,9.34,57.8,16.1,56.5,4,6,6,0,,
478,53.808,108.1,9.25,52.4,16.1,57.1,4,6,6,0,,
479,53.918,106.32,9.41,57.8,16.1,54.9,5,6,6,0,,
480,54.123,105.96,9.44,32.5,16.1,57.1,5,6,6,0,,
481,54.231,106.46,9.39,55.8,16.1,56.5,6,6,6,0,,
482,54.34,106.05,9.43,54.8,16.1,57.6,5,6,6,0,,
483,54.449,106.65,9.38,53.7,16.1,56.5,4,6,6,0,,
484,54.559,105.98,9.44,57.8,16.1,56.5,4,6,6,0,,
485,54.667,106.32,9.41,53.7,16.1,56.5,4,6,6,0,,
486,54.776,105.91,9.44,52.4,16.1,56.5,4,6,6,0,,
487,54.885,107.18,9.33,52.5,16.1,57.1,4,6,6,0,,
488,54.995,105.91,9.44,56.8,16.1,57.1,5,6,6,0,,
489,55.103,106.56,9.38,54.8,16.1,56.5,7,7,7,0,,
490,55.212,106.06,9.43,55.8,16.1,56.5,5,7,7,0,,
491,55.321,107.32,9.32,56.8,16.1,57.1,4,7,7,0,,
492,55.431,106.11,9.42,56.8,16.1,57.1,5,7,7,0,,
493,55.54,106.04,9.43,53.7,16.1,57.6,5,7,7,0,,
494,55.649,105.97,9.44,57.8,16.1,57.1,4,7,7,0,,
495,55.757,105.99,9.43,57.8,16.1,57.6,4,7,7,0,,
496,55.866,107.88,9.27,58.7,16.1,57.6,5,7,7,0,,
497,55.977,106.59,9.38,55.8,16.1,57.1,5,7,7,0,,
498,56.086,106.53,9.39,58.7,16.1,57.1,5,7,7,0,,
499,56.195,106.2,9.42,54.8,16.1,57.1,5,7,7,0,,
500,56.304,107.07,9.34,59.6,16.1,56.5,5,6,6,0,,
501,56.414,106.22,9.41,60.4,16.1,56.5,5,6,6,0,,
502,56.523,106.36,9.4,56.8,16.1,57.6,5,6,6,0,,
503,56.632,105.95,9.44,53.7,16.1,56.5,5,6,6,0,,
504,56.741,112.02,8.93,61.7,16.1,56.5,3,6,6,0,,
505,56.855,108.22,9.24,57.8,16.1,57.1,4,6,6,0,,
506,56.966,107.08,9.34,57.8,16.1,57.6,5,6,6,0,,
507,57.076,106.53,9.39,53.5,16.1,57.1,5,6,6,0,,
508,57.185,106.57,9.38,56.8,16.1,56.5,4,6,6,0,,
509,57.294,106.81,9.36,57.8,16.1,56.5,4,6,6,0,,
510,57.404,106.18,9.42,55.8,16.1,56.0,5,6,6,0,,
511,57.613,107.21,9.33,30.6,16.1,57.1,5,6,6,0,,
512,57.723,107.83,9.27,55.8,16.1,56.5,6,6,6,0,,
513,57.834,108.45,9.22,58.7,16.1,57.1,5,6,6,0,,
514,57.945,107.01,9.35,57.8,16.1,57.1,6,6,6,0,,
515,58.055,106.57,9.38,54.8,16.1,57.6,5,6,6,0,,
516,58.164,106.81,9.36,55.8,16.1,57.1,4,6,6,0,,
517,58.273,106.56,9.38,55.8,16.1,57.1,6,6,6,0,,
518,58.383,106.23,9.41,58.3,16.1,57.1,4,6,6,0,,
519,58.492,106.95,9.35,55.8,16.1,56.5,4,6,6,0,,
520,58.601,106.7,9.37,56.8,16.1,57.1,5,6,6,0,,
521,58.711,106.93,9.35,55.8,16.1,57.1,5,6,6,0,,
522,58.82,107.64,9.29,57.8,16.1,57.6,4,6,6,0,,
523,58.932,107.18,9.33,54.8,16.1,56.5,4,6,6,0,,
524,59.041,106.76,9.37,56.5,16.1,56.5,4,6,6,0,,
525,59.151,106.47,9.39,54.8,16.1,57.1,5,6,6,0,,
526,59.26,106.02,9.43,53.7,16.1,57.6,5,6,6,0,,
527,59.369,106.21,9.42,57.8,16.1,57.1,4,6,6,0,,
528,59.478,106.1,9.42,56.8,16.1,56.5,4,6,6,0,,
529,59.586,106.43,9.4,56.8,16.1,56.5,5,6,6,0,,
530,59.696,106.51,9.39,57.8,16.1,56.5,5,6,6,0,,
531,59.805,107.75,9.28,60.4,16.1,57.1,4,6,6,0,,
532,59.916,107.08,9.34,58.7,16.1,57.6,4,6,6,0,,
