frame,timestamp,fps,latency_ms,cpu_percent,detections_count,active_tracks,track_ids,labels,directions,proximities,risk_scores,missing_tracks
0,1778953249.09,0.73,144.95,18.7,1,1,1,person,center,0.98,0.0,0
1,1778953249.18,11.62,85.43,55.9,1,1,1,person,center,0.98,0.69,0
2,1778953249.26,11.71,84.79,61.1,1,1,1,person,center,0.97,0.69,0
3,1778953249.35,11.64,85.33,54.8,1,1,1,person,center,0.96,0.68,0
4,1778953249.44,11.77,84.38,60.0,0,0,,,,,,1
5,1778953249.52,11.86,83.71,62.2,0,0,,,,,,1
6,1778953249.61,11.48,86.46,62.9,0,0,,,,,,1
7,1778953249.69,11.89,83.48,60.0,0,0,,,,,,1
8,1778953249.78,11.78,84.25,59.4,0,0,,,,,,1
9,1778953249.86,11.74,84.54,56.3,1,1,2,orange,center,0.97,0.0,1
10,1778953249.95,11.76,84.45,62.2,1,1,1,person,center,0.97,0.68,1
11,1778953250.04,11.5,86.37,58.8,1,1,1,person,center,0.96,0.68,1
12,1778953250.12,11.83,83.95,57.6,0,0,,,,,,2
13,1778953250.21,11.68,85.04,60.0,1,1,3,dining table,center,0.96,0.0,2
14,1778953250.29,11.71,84.79,57.6,1,1,1,person,center,0.97,0.69,2
15,1778953250.38,11.78,84.27,63.2,1,1,1,person,center,0.97,0.69,2
16,1778953250.46,11.61,85.53,56.3,1,1,1,person,center,0.98,0.7,2
17,1778953250.55,11.73,84.67,60.0,1,1,1,person,center,0.97,0.69,2
18,1778953250.63,11.73,84.66,60.0,1,1,1,person,center,0.98,0.75,2
19,1778953250.72,11.67,85.11,56.3,1,1,1,person,center,0.97,0.78,2
20,1778953250.81,11.76,84.4,57.6,2,2,"1,4","person,person","center,right","0.97,0.96","0.69,0.0",1
21,1778953250.89,11.76,84.45,56.3,1,1,4,person,right,0.98,0.72,2
22,1778953250.98,11.68,85.02,63.9,1,1,4,person,right,0.99,0.72,2
23,1778953251.06,11.49,86.39,57.1,1,1,4,person,right,0.99,0.7,2
24,1778953251.15,11.67,85.06,62.2,1,1,4,person,right,0.99,0.7,1
25,1778953251.24,11.8,84.15,58.1,1,1,4,person,right,0.98,0.7,1
26,1778953251.32,11.66,85.15,60.0,2,2,"4,5","person,cell phone","right,center","1.0,0.23","0.72,0.0",1
27,1778953251.41,11.8,84.1,57.6,1,1,4,person,right,1.0,0.71,2
28,1778953251.49,11.71,84.81,56.3,1,1,4,person,right,0.98,0.71,2
29,1778953251.58,11.71,84.78,61.1,1,1,4,person,center,0.9,0.7,2
30,1778953251.66,11.6,85.61,57.6,1,1,4,person,center,0.87,0.7,2
31,1778953251.75,11.78,84.29,61.1,1,1,4,person,center,0.84,0.68,1
32,1778953251.83,11.7,84.82,60.0,1,1,4,person,center,0.82,0.66,1
33,1778953251.92,11.77,84.36,57.6,1,1,4,person,center,0.79,0.64,1
34,1778953252.01,11.57,85.79,63.2,1,1,4,person,center,0.75,0.61,1
35,1778953252.09,11.63,85.33,57.6,1,1,4,person,center,0.72,0.59,1
36,1778953252.18,11.76,84.44,57.6,1,1,4,person,center,0.69,0.57,1
37,1778953252.26,11.69,84.91,54.8,1,1,4,person,center,0.66,0.56,0
38,1778953252.35,11.76,84.45,62.2,1,1,4,person,center,0.63,0.55,0
39,1778953252.43,11.74,84.55,60.0,1,1,4,person,center,0.6,0.53,0
40,1778953252.52,11.74,84.57,56.7,2,2,"4,6","person,person","center,center","0.57,0.28","0.52,0.0",0
41,1778953252.6,11.83,83.92,61.1,1,1,4,person,center,0.55,0.5,1
42,1778953252.69,11.62,85.43,58.8,1,1,4,person,center,0.53,0.49,1
43,1778953252.78,11.76,84.45,61.1,1,1,4,person,center,0.52,0.48,1
44,1778953252.86,11.83,83.93,61.1,1,1,4,person,center,0.51,0.47,1
45,1778953252.95,11.73,84.6,60.0,1,1,4,person,center,0.5,0.46,1
46,1778953253.03,11.57,85.84,54.8,1,1,4,person,center,0.49,0.46,1
47,1778953253.12,11.73,84.66,57.6,1,1,4,person,center,0.49,0.46,1
48,1778953253.2,11.77,84.36,54.8,1,1,4,person,center,0.48,0.45,1
49,1778953253.29,11.76,84.4,62.9,1,1,4,person,center,0.47,0.45,1
50,1778953253.38,11.66,85.1,61.1,1,1,4,person,center,0.47,0.45,1
51,1778953253.46,11.66,85.17,61.1,1,1,4,person,center,0.47,0.45,0
52,1778953253.55,10.77,92.22,66.7,1,1,4,person,center,0.46,0.44,0
53,1778953253.64,11.62,85.42,58.8,1,1,4,person,center,0.45,0.44,0
54,1778953253.73,11.64,85.32,58.8,1,1,4,person,center,0.45,0.44,0
55,1778953253.81,11.64,85.29,57.6,1,1,4,person,center,0.44,0.43,0
56,1778953253.9,11.6,85.49,57.6,1,1,4,person,center,0.44,0.43,0
57,1778953253.99,11.6,85.61,60.5,1,1,4,person,center,0.44,0.42,0
58,1778953254.07,11.48,86.45,56.3,1,1,4,person,center,0.43,0.42,0
59,1778953254.16,11.63,85.38,57.6,1,1,4,person,center,0.43,0.43,0
60,1778953254.25,11.7,84.88,61.1,1,1,4,person,center,0.43,0.43,0
61,1778953254.33,11.66,85.13,57.6,1,1,4,person,center,0.43,0.43,0
62,1778953254.42,11.75,84.5,58.8,1,1,4,person,center,0.42,0.43,0
63,1778953254.5,11.62,85.45,58.8,1,1,4,person,center,0.42,0.43,0
64,1778953254.59,11.39,87.2,60.6,1,1,4,person,center,0.42,0.43,0
65,1778953254.68,11.69,84.91,61.1,1,1,4,person,center,0.41,0.43,0
66,1778953254.76,11.59,85.67,58.8,1,1,4,person,center,0.41,0.42,0
67,1778953254.85,11.71,84.8,60.0,1,1,4,person,center,0.41,0.42,0
68,1778953254.94,11.54,85.98,57.1,1,1,4,person,center,0.4,0.42,0
69,1778953255.02,11.49,86.44,62.9,1,1,4,person,center,0.4,0.41,0
70,1778953255.11,11.58,85.76,62.2,1,1,4,person,center,0.4,0.41,0
71,1778953255.2,11.62,85.45,58.8,1,1,4,person,center,0.4,0.4,0
72,1778953255.28,11.69,84.96,61.1,1,1,4,person,center,0.4,0.4,0
73,1778953255.37,11.67,85.06,54.8,1,1,4,person,center,0.4,0.42,0
74,1778953255.45,11.64,85.29,57.6,1,1,4,person,center,0.41,0.43,0
75,1778953255.54,11.68,85.01,56.2,1,1,4,person,center,0.41,0.44,0
76,1778953255.62,11.83,83.92,61.1,1,1,4,person,center,0.41,0.45,0
77,1778953255.71,11.76,84.39,62.2,2,2,"4,7","person,person","center,center","0.41,0.19","0.46,0.0",0
78,1778953255.8,11.63,85.33,56.3,2,2,"4,7","person,person","center,center","0.42,0.19","0.47,0.32",0
79,1778953255.88,11.78,84.25,62.2,2,2,"4,7","person,person","center,center","0.42,0.21","0.49,0.36",0
80,1778953255.97,11.72,84.7,57.6,2,2,"4,7","person,person","center,center","0.43,0.22","0.49,0.37",0
81,1778953256.05,11.61,85.54,62.9,2,2,"4,7","person,person","center,center","0.43,0.21","0.48,0.36",0
82,1778953256.14,11.69,84.88,56.3,2,2,"4,7","person,person","center,center","0.42,0.21","0.47,0.35",0
83,1778953256.22,11.72,84.69,61.1,2,2,"4,7","person,person","center,center","0.42,0.21","0.46,0.35",0
84,1778953256.31,11.61,85.5,58.8,2,2,"4,7","person,person","center,center","0.42,0.2","0.45,0.33",0
85,1778953256.4,11.79,84.18,54.8,2,2,"4,7","person,person","left,center","0.41,0.2","0.44,0.34",0
86,1778953256.48,11.67,85.05,62.2,2,2,"4,7","person,person","left,left","0.4,0.18","0.44,0.33",0
87,1778953256.57,11.74,84.55,56.3,2,2,"4,8","person,tv","left,center","0.39,0.21","0.43,0.0",1
88,1778953256.65,11.69,84.89,62.2,2,2,"4,8","person,tv","left,center","0.39,0.21","0.42,0.17",1
89,1778953256.74,11.69,84.88,58.8,2,2,"4,8","person,tv","left,center","0.38,0.21","0.41,0.17",1
90,1778953256.82,11.77,84.36,61.1,2,2,"4,8","person,tv","left,center","0.38,0.21","0.41,0.18",1
91,1778953256.91,11.69,84.93,57.6,1,1,4,person,left,0.39,0.41,2
92,1778953257.0,11.41,87.01,57.6,1,1,4,person,left,0.39,0.42,2
93,1778953257.08,11.7,84.86,54.8,1,1,4,person,left,0.39,0.42,2
94,1778953257.17,11.74,84.53,57.6,1,1,4,person,left,0.4,0.42,2
95,1778953257.26,11.66,85.15,56.3,1,1,4,person,left,0.41,0.42,2
96,1778953257.34,11.75,84.47,62.9,1,1,4,person,left,0.41,0.42,2
97,1778953257.43,11.8,84.13,62.2,1,1,4,person,left,0.41,0.42,1
98,1778953257.51,11.8,84.08,57.6,1,1,4,person,left,0.4,0.42,1
99,1778953257.6,11.69,84.96,54.8,2,2,"4,9","person,remote","left,left","0.4,0.19","0.41,0.0",1
100,1778953257.68,11.71,84.8,61.1,2,2,"4,9","person,remote","left,left","0.41,0.18","0.41,0.15",1
101,1778953257.77,11.63,85.34,54.8,2,2,"4,9","person,remote","left,left","0.4,0.18","0.4,0.15",0
102,1778953257.85,11.74,84.55,63.2,1,1,4,person,left,0.4,0.4,1
103,1778953257.94,11.65,85.22,57.6,2,2,"4,9","person,remote","left,left","0.4,0.18","0.4,0.15",0
104,1778953258.03,11.4,87.11,61.1,2,2,"4,9","person,remote","left,left","0.4,0.18","0.4,0.15",0
105,1778953258.11,11.64,85.29,60.0,3,3,"4,9,10","person,remote,tv","left,left,center","0.4,0.18,0.22","0.4,0.15,0.0",0
106,1778953258.2,11.72,84.67,57.6,2,2,"4,9","person,remote","left,left","0.4,0.18","0.4,0.15",1
107,1778953258.28,11.77,84.34,62.9,2,2,"4,9","person,remote","left,left","0.4,0.18","0.4,0.15",1
108,1778953258.37,11.75,84.48,58.8,2,2,"4,9","person,remote","left,left","0.4,0.17","0.4,0.15",1
109,1778953258.46,11.64,85.26,54.8,2,2,"4,9","person,remote","left,left","0.39,0.18","0.4,0.15",1
110,1778953258.55,11.01,90.16,65.0,3,3,"4,9,10","person,remote,tv","left,left,center","0.39,0.18,0.22","0.4,0.15,0.17",0
111,1778953258.64,11.5,86.2,57.6,2,2,"4,9","person,remote","left,left","0.39,0.18","0.4,0.15",1
112,1778953258.72,11.66,85.13,62.9,3,3,"4,9,10","person,remote,tv","left,left,center","0.39,0.18,0.22","0.4,0.15,0.17",0
113,1778953258.81,11.62,85.43,57.1,4,4,"4,9,10,11","person,remote,tv,remote","left,left,center,left","0.39,0.18,0.22,0.08","0.39,0.15,0.17,0.0",0
114,1778953258.89,11.61,85.49,61.1,3,3,"4,9,10","person,remote,tv","left,left,center","0.38,0.18,0.22","0.39,0.15,0.17",1
115,1778953258.98,11.57,85.84,56.3,3,3,"4,9,10","person,remote,tv","left,left,center","0.38,0.18,0.22","0.39,0.16,0.17",1
116,1778953259.07,11.52,86.17,62.9,2,2,"4,10","person,tv","left,center","0.38,0.22","0.39,0.17",2
117,1778953259.15,11.73,84.63,62.2,1,1,4,person,left,0.38,0.39,3
118,1778953259.24,11.58,85.75,55.9,2,2,"4,10","person,tv","left,center","0.39,0.22","0.4,0.17",2
119,1778953259.33,11.71,84.75,63.9,2,2,"4,10","person,tv","left,center","0.38,0.22","0.39,0.17",2
120,1778953259.41,11.69,84.94,58.8,2,2,"4,10","person,tv","left,center","0.38,0.22","0.39,0.17",2
121,1778953259.5,11.65,85.21,61.1,3,3,"4,9,10","person,remote,tv","left,left,center","0.38,0.18,0.22","0.39,0.15,0.17",1
122,1778953259.59,11.26,88.16,60.0,2,2,"4,10","person,tv","left,center","0.38,0.22","0.39,0.17",2
123,1778953259.67,11.63,85.36,60.0,2,2,"4,10","person,tv","left,center","0.38,0.22","0.39,0.17",2
124,1778953259.76,11.7,84.85,58.8,2,2,"4,10","person,tv","left,center","0.38,0.22","0.39,0.17",1
125,1778953259.84,11.7,84.86,56.3,2,2,"4,10","person,tv","left,center","0.38,0.22","0.39,0.17",1
126,1778953259.93,11.66,85.15,60.0,3,3,"4,9,10","person,remote,tv","left,left,center","0.38,0.18,0.22","0.39,0.15,0.17",0
127,1778953260.02,11.55,85.93,61.1,2,2,"4,10","person,tv","left,center","0.38,0.22","0.39,0.17",1
128,1778953260.1,11.7,84.88,58.8,3,3,"4,9,10","person,remote,tv","left,left,center","0.38,0.18,0.22","0.39,0.15,0.17",0
129,1778953260.19,11.74,84.57,57.6,3,3,"4,9,10","person,remote,tv","left,left,center","0.38,0.17,0.22","0.39,0.15,0.17",0
130,1778953260.27,11.72,84.7,61.1,2,2,"4,10","person,tv","left,center","0.38,0.22","0.39,0.17",1
131,1778953260.36,11.66,85.13,56.3,2,2,"4,10","person,tv","left,center","0.38,0.22","0.39,0.17",1
132,1778953260.45,11.69,84.9,61.1,2,2,"4,10","person,tv","left,center","0.38,0.22","0.39,0.17",1
133,1778953260.53,11.6,85.61,56.3,3,3,"4,9,10","person,remote,tv","left,left,center","0.38,0.17,0.22","0.39,0.15,0.17",0
134,1778953260.62,11.67,85.11,61.1,3,3,"4,9,10","person,remote,tv","left,left,center","0.38,0.17,0.22","0.39,0.15,0.17",0
135,1778953260.71,11.51,86.24,58.8,3,3,"4,9,10","person,remote,tv","left,left,center","0.38,0.16,0.22","0.39,0.14,0.17",0
136,1778953260.79,11.74,84.53,56.2,2,2,"4,10","person,tv","left,center","0.38,0.22","0.39,0.17",1
137,1778953260.88,11.59,85.66,61.1,3,3,"4,9,10","person,remote,tv","left,left,center","0.38,0.15,0.22","0.39,0.14,0.17",0
138,1778953260.96,11.65,85.24,60.0,2,2,"4,10","person,tv","left,center","0.39,0.22","0.4,0.17",1
139,1778953261.05,11.57,85.81,61.1,2,2,"4,10","person,tv","left,center","0.38,0.22","0.39,0.17",1
140,1778953261.14,11.64,85.28,53.3,2,2,"4,10","person,tv","left,center","0.38,0.22","0.39,0.17",1
141,1778953261.22,11.68,84.97,62.9,2,2,"4,10","person,tv","left,center","0.38,0.22","0.39,0.17",1
142,1778953261.31,11.67,85.1,55.9,2,2,"4,10","person,tv","left,center","0.38,0.21","0.39,0.17",1
143,1778953261.39,11.73,84.6,62.9,2,2,"4,10","person,tv","left,center","0.39,0.22","0.4,0.17",1
144,1778953261.48,11.7,84.82,58.8,2,2,"4,10","person,tv","left,center","0.38,0.22","0.39,0.17",1
145,1778953261.56,11.7,84.82,60.0,2,2,"4,10","person,tv","left,center","0.38,0.22","0.39,0.17",1
146,1778953261.65,11.67,85.06,61.1,2,2,"4,10","person,tv","left,center","0.39,0.22","0.4,0.17",1
147,1778953261.74,11.75,84.5,54.8,2,2,"4,10","person,tv","left,center","0.39,0.22","0.39,0.17",1
148,1778953261.82,11.67,85.04,63.2,3,3,"4,9,10","person,remote,tv","left,left,center","0.38,0.19,0.22","0.39,0.17,0.17",0
149,1778953261.91,11.56,85.85,54.8,2,2,"4,10","person,tv","left,center","0.39,0.22","0.4,0.17",1
150,1778953262.0,11.46,86.66,58.8,2,2,"4,10","person,tv","left,center","0.39,0.21","0.4,0.17",1
151,1778953262.08,11.71,84.82,60.0,1,1,4,person,left,0.39,0.4,2
152,1778953262.17,11.64,85.28,56.3,1,1,4,person,left,0.39,0.4,2
153,1778953262.25,11.72,84.68,60.0,1,1,4,person,left,0.39,0.4,2
154,1778953262.34,11.75,84.51,57.6,1,1,4,person,left,0.39,0.4,2
155,1778953262.42,11.67,85.06,58.8,1,1,4,person,left,0.39,0.4,2
156,1778953262.51,11.73,84.61,58.8,1,1,4,person,left,0.39,0.4,2
157,1778953262.6,11.64,85.26,51.7,1,1,4,person,left,0.39,0.4,2
158,1778953262.68,11.7,84.86,61.8,1,1,4,person,left,0.39,0.4,2
159,1778953262.77,11.68,85.02,54.8,1,1,4,person,left,0.39,0.4,1
160,1778953262.85,11.66,85.16,61.1,2,2,"4,10","person,tv","left,center","0.39,0.22","0.4,0.17",0
161,1778953262.94,11.67,85.08,54.8,1,1,4,person,left,0.39,0.4,1
162,1778953263.03,11.52,86.18,64.1,2,2,"4,10","person,tv","left,center","0.39,0.22","0.4,0.17",0
163,1778953263.11,11.72,84.69,58.8,1,1,4,person,left,0.39,0.4,1
164,1778953263.2,11.71,84.75,60.0,2,2,"4,10","person,tv","left,center","0.38,0.22","0.4,0.17",0
165,1778953263.28,11.62,85.41,56.3,2,2,"4,10","person,tv","left,center","0.38,0.22","0.4,0.18",0
166,1778953263.37,11.75,84.49,61.1,2,2,"4,10","person,tv","left,center","0.38,0.22","0.4,0.18",0
167,1778953263.46,11.76,84.41,56.3,2,2,"4,10","person,tv","left,center","0.38,0.21","0.39,0.18",0
168,1778953263.54,11.39,87.21,63.9,2,2,"4,10","person,tv","left,center","0.37,0.22","0.4,0.19",0
169,1778953263.63,11.28,88.06,60.0,1,1,4,person,left,0.37,0.4,1
170,1778953263.72,11.79,84.22,61.1,2,2,"4,10","person,tv","left,center","0.37,0.22","0.4,0.18",0
171,1778953263.8,11.8,84.15,57.6,2,2,"4,10","person,tv","left,center","0.37,0.22","0.4,0.18",0
172,1778953263.89,11.71,84.79,54.8,1,1,4,person,left,0.36,0.4,1
173,1778953263.97,11.73,84.65,63.9,1,1,4,person,center,0.37,0.41,1
174,1778953264.06,11.46,86.61,56.3,1,1,4,person,center,0.37,0.41,1
175,1778953264.15,11.76,84.4,60.0,1,1,4,person,center,0.37,0.42,1
176,1778953264.23,11.69,84.92,56.3,1,1,4,person,center,0.37,0.43,1
177,1778953264.32,11.81,84.03,61.1,1,1,4,person,center,0.38,0.44,1
178,1778953264.4,11.79,84.21,61.1,1,1,4,person,center,0.4,0.45,1
179,1778953264.49,11.59,85.68,53.3,1,1,4,person,center,0.4,0.45,1
180,1778953264.58,11.47,86.57,58.8,1,1,4,person,center,0.41,0.47,1
181,1778953264.66,11.66,85.15,63.9,1,1,4,person,center,0.41,0.46,1
182,1778953264.75,11.62,85.42,54.8,1,1,4,person,center,0.4,0.46,0
183,1778953264.83,11.69,84.96,61.1,1,1,4,person,center,0.4,0.47,0
184,1778953264.92,11.54,86.06,58.8,1,1,4,person,center,0.39,0.47,0
185,1778953265.01,11.57,85.8,56.3,2,2,"4,12","person,tv","center,center","0.38,0.26","0.48,0.0",0
186,1778953265.09,11.7,84.86,61.1,1,1,4,person,right,0.36,0.48,1
187,1778953265.18,11.72,84.68,58.8,2,2,"4,12","person,tv","right,center","0.36,0.22","0.48,0.18",0
188,1778953265.26,11.7,84.85,61.1,2,2,"4,12","person,tv","right,center","0.36,0.23","0.48,0.18",0
189,1778953265.35,11.73,84.6,58.8,2,2,"4,12","person,tv","right,center","0.35,0.22","0.47,0.18",0
190,1778953265.44,11.63,85.38,53.3,2,2,"4,12","person,tv","right,center","0.35,0.22","0.45,0.18",0
191,1778953265.52,11.7,84.88,57.6,2,2,"4,12","person,tv","right,center","0.34,0.22","0.43,0.17",0
192,1778953265.61,11.58,85.77,58.8,1,1,4,person,right,0.33,0.41,1
193,1778953265.69,11.65,85.21,60.0,1,1,4,person,right,0.32,0.41,1
194,1778953265.78,11.73,84.64,62.2,1,1,4,person,right,0.31,0.4,1
195,1778953265.87,11.57,85.78,58.8,1,1,4,person,right,0.3,0.4,1
196,1778953265.95,11.71,84.81,62.2,2,2,"4,13","person,person","right,right","0.29,0.28","0.39,0.0",1
197,1778953266.04,11.48,86.4,62.9,1,1,13,person,right,0.28,0.35,2
198,1778953266.13,11.61,85.54,63.2,2,2,"4,13","person,person","right,right","0.26,0.27","0.36,0.34",1
199,1778953266.21,11.63,85.36,58.8,1,1,4,person,right,0.26,0.38,2
200,1778953266.3,11.82,84.0,54.8,0,0,,,,,,3
201,1778953266.38,11.53,86.1,57.6,1,1,14,microwave,center,0.22,0.0,3
202,1778953266.47,11.74,84.59,58.8,0,0,,,,,,3
203,1778953266.56,11.67,85.09,53.3,1,1,14,microwave,center,0.24,0.18,2
204,1778953266.64,11.83,83.91,60.0,0,0,,,,,,3
205,1778953266.73,11.73,84.63,58.8,0,0,,,,,,3
206,1778953266.81,11.65,85.19,54.8,0,0,,,,,,3
207,1778953266.9,11.66,85.13,58.8,0,0,,,,,,3
208,1778953266.98,11.67,85.06,57.6,1,1,14,microwave,center,0.23,0.17,2
209,1778953267.07,11.63,85.33,58.1,0,0,,,,,,2
210,1778953267.16,11.61,85.49,58.8,0,0,,,,,,1
211,1778953267.24,11.75,84.53,58.8,0,0,,,,,,1
212,1778953267.33,11.7,84.84,57.6,0,0,,,,,,1
213,1778953267.41,11.67,85.07,60.0,1,1,14,microwave,center,0.24,0.19,0
214,1778953267.5,11.73,84.63,56.3,0,0,,,,,,1
215,1778953267.59,11.66,85.16,58.8,0,0,,,,,,1
216,1778953267.67,11.69,84.9,56.3,1,1,14,microwave,center,0.25,0.19,0
217,1778953267.76,11.7,84.83,60.0,1,1,14,microwave,center,0.23,0.18,0
218,1778953267.84,11.75,84.51,60.0,0,0,,,,,,1
219,1778953267.93,11.63,85.33,51.7,0,0,,,,,,1
220,1778953268.02,11.57,85.77,58.8,0,0,,,,,,1
221,1778953268.1,11.62,85.45,60.0,0,0,,,,,,1
222,1778953268.19,11.69,84.94,57.6,0,0,,,,,,1
223,1778953268.27,11.76,84.43,61.8,0,0,,,,,,1
224,1778953268.36,11.73,84.61,58.8,0,0,,,,,,1
225,1778953268.44,11.6,85.59,54.8,0,0,,,,,,1
226,1778953268.53,11.72,84.69,58.8,0,0,,,,,,1
227,1778953268.63,10.3,96.42,65.0,0,0,,,,,,1
228,1778953268.71,11.78,84.24,60.0,0,0,,,,,,0
229,1778953268.8,11.7,84.83,57.6,1,1,15,microwave,center,0.23,0.0,0
230,1778953268.88,11.67,85.05,56.3,0,0,,,,,,1
231,1778953268.97,11.79,84.19,61.1,0,0,,,,,,1
232,1778953269.06,11.57,85.76,60.0,0,0,,,,,,1
233,1778953269.14,11.67,85.02,63.9,0,0,,,,,,1
234,1778953269.23,11.68,84.99,54.8,0,0,,,,,,1
235,1778953269.31,11.62,85.35,62.2,1,1,15,microwave,center,0.25,0.19,0
236,1778953269.4,11.77,84.36,56.3,0,0,,,,,,1
237,1778953269.49,11.63,85.37,58.8,0,0,,,,,,1
238,1778953269.57,11.47,86.52,58.8,0,0,,,,,,1
239,1778953269.66,11.66,85.14,58.8,0,0,,,,,,1
240,1778953269.74,11.7,84.87,61.1,0,0,,,,,,1
241,1778953269.83,11.65,85.24,57.6,1,1,15,microwave,center,0.26,0.19,0
242,1778953269.92,11.68,85.0,60.0,0,0,,,,,,1
243,1778953270.0,11.43,86.85,56.3,0,0,,,,,,1
244,1778953270.09,11.67,85.04,62.9,0,0,,,,,,1
245,1778953270.18,11.78,84.26,53.3,0,0,,,,,,1
246,1778953270.26,11.73,84.65,58.8,0,0,,,,,,1
247,1778953270.35,11.72,84.74,60.0,0,0,,,,,,1
248,1778953270.43,11.63,85.38,57.6,0,0,,,,,,1
249,1778953270.52,11.7,84.82,58.8,0,0,,,,,,1
250,1778953270.6,11.68,84.96,58.8,0,0,,,,,,1
251,1778953270.69,11.74,84.58,62.2,0,0,,,,,,1
252,1778953270.77,11.79,84.2,57.6,0,0,,,,,,0
253,1778953270.86,11.66,85.14,63.9,0,0,,,,,,0
254,1778953270.95,11.74,84.53,57.6,0,0,,,,,,0
255,1778953271.03,11.66,85.13,60.0,0,0,,,,,,0
256,1778953271.12,11.71,84.79,60.0,0,0,,,,,,0
257,1778953271.2,11.68,85.02,57.6,0,0,,,,,,0
258,1778953271.29,11.68,84.84,62.2,0,0,,,,,,0
259,1778953271.37,11.8,84.13,58.1,0,0,,,,,,0
260,1778953271.46,11.65,85.25,61.1,0,0,,,,,,0
261,1778953271.55,11.76,84.39,57.6,0,0,,,,,,0
262,1778953271.63,11.59,85.62,54.8,0,0,,,,,,0
263,1778953271.72,11.67,85.07,60.0,0,0,,,,,,0
264,1778953271.8,11.73,84.62,53.3,0,0,,,,,,0
265,1778953271.89,11.69,84.93,61.1,0,0,,,,,,0
266,1778953271.98,11.75,84.48,57.6,0,0,,,,,,0
267,1778953272.06,11.53,86.08,62.2,0,0,,,,,,0
268,1778953272.15,11.63,85.33,57.6,0,0,,,,,,0
269,1778953272.23,11.73,84.6,60.0,0,0,,,,,,0
270,1778953272.32,11.75,84.46,59.4,0,0,,,,,,0
271,1778953272.41,11.59,85.64,58.8,0,0,,,,,,0
272,1778953272.49,11.63,85.35,58.8,0,0,,,,,,0
273,1778953272.58,11.67,85.04,62.2,0,0,,,,,,0
274,1778953272.66,11.74,84.57,54.8,0,0,,,,,,0
275,1778953272.75,11.71,84.8,58.8,0,0,,,,,,0
276,1778953272.83,11.8,84.12,60.0,0,0,,,,,,0
277,1778953272.92,11.6,85.62,54.8,1,1,16,microwave,center,0.24,0.0,0
278,1778953273.01,11.71,84.74,62.2,0,0,,,,,,1
279,1778953273.09,11.55,85.93,58.8,0,0,,,,,,1
280,1778953273.18,11.74,84.57,58.8,0,0,,,,,,1
281,1778953273.26,11.8,84.12,59.4,1,1,17,person,right,0.27,0.0,1
282,1778953273.35,11.67,85.08,60.0,2,2,"17,18","person,tv","right,center","0.28,0.23","0.35,0.0",1
283,1778953273.43,11.74,84.53,57.6,1,1,17,person,right,0.28,0.36,2
284,1778953273.52,11.63,85.38,57.6,1,1,17,person,right,0.29,0.36,2
285,1778953273.63,9.51,104.52,61.0,1,1,17,person,right,0.29,0.36,2
286,1778953273.71,11.6,85.57,58.8,1,1,17,person,right,0.29,0.37,2
287,1778953273.8,11.66,85.14,57.6,1,1,17,person,right,0.3,0.37,2
288,1778953273.89,11.57,85.84,60.0,1,1,17,person,right,0.31,0.38,1
289,1778953273.97,11.69,84.88,57.6,1,1,17,person,right,0.31,0.39,1
290,1778953274.06,11.48,86.51,62.2,2,2,"17,18","person,tv","right,center","0.33,0.23","0.41,0.17",0
291,1778953274.14,11.63,85.37,57.6,2,2,"17,18","person,tv","right,center","0.35,0.23","0.42,0.17",0
292,1778953274.23,11.69,84.95,58.8,2,2,"17,18","person,tv","right,center","0.36,0.23","0.42,0.17",0
293,1778953274.32,11.6,85.57,57.6,2,2,"17,18","person,tv","right,center","0.37,0.22","0.43,0.17",0
294,1778953274.4,11.64,85.27,58.8,2,2,"17,18","person,tv","right,center","0.38,0.22","0.43,0.17",0
295,1778953274.49,11.62,85.46,62.2,2,2,"17,18","person,tv","right,center","0.39,0.23","0.43,0.18",0
296,1778953274.58,11.64,85.24,56.3,2,2,"17,18","person,tv","right,center","0.39,0.24","0.43,0.18",0
297,1778953274.66,11.6,85.52,63.2,1,1,17,person,right,0.39,0.43,1
298,1778953274.75,11.57,85.82,57.6,2,2,"17,18","person,tv","right,center","0.39,0.22","0.44,0.17",0
299,1778953274.83,11.74,84.59,58.8,1,1,17,person,right,0.4,0.44,1
300,1778953274.92,11.52,86.17,56.2,2,2,"17,18","person,tv","right,center","0.4,0.22","0.43,0.17",0
301,1778953275.01,11.52,86.19,57.6,2,2,"17,18","person,tv","right,center","0.39,0.22","0.43,0.17",0
302,1778953275.09,11.71,84.8,61.1,1,1,17,person,right,0.39,0.42,1
303,1778953275.18,11.59,85.7,56.3,1,1,17,person,right,0.39,0.42,1
304,1778953275.27,11.66,85.11,58.8,2,2,"17,18","person,tv","right,center","0.39,0.21","0.41,0.17",0
305,1778953275.35,11.65,85.22,56.3,2,2,"17,18","person,tv","right,center","0.39,0.21","0.41,0.17",0
306,1778953275.44,11.66,85.15,60.6,2,2,"17,18","person,tv","right,center","0.39,0.21","0.41,0.17",0
307,1778953275.52,11.67,85.07,57.6,2,2,"17,18","person,tv","right,center","0.39,0.21","0.4,0.17",0
308,1778953275.61,11.67,85.07,58.8,1,1,17,person,right,0.39,0.4,1
309,1778953275.7,11.54,86.03,56.2,1,1,17,person,right,0.39,0.4,1
310,1778953275.78,11.67,85.09,60.0,1,1,17,person,right,0.39,0.4,1
311,1778953275.87,11.62,85.48,60.0,2,2,"17,18","person,tv","right,center","0.38,0.21","0.4,0.17",0
312,1778953275.96,11.62,85.42,57.6,2,2,"17,18","person,tv","right,center","0.38,0.21","0.4,0.17",0
313,1778953276.04,11.51,86.26,62.2,1,1,17,person,right,0.38,0.4,1
314,1778953276.13,11.5,86.37,63.2,2,2,"17,18","person,tv","right,center","0.38,0.21","0.39,0.17",0
315,1778953276.22,11.7,84.85,53.3,1,1,17,person,right,0.39,0.39,1
316,1778953276.3,11.63,85.38,63.2,1,1,17,person,right,0.39,0.39,1
317,1778953276.39,11.59,85.63,57.6,1,1,17,person,right,0.39,0.39,1
318,1778953276.47,11.63,85.34,57.6,1,1,17,person,right,0.39,0.39,1
319,1778953276.56,11.51,86.29,63.2,1,1,17,person,right,0.39,0.39,1
320,1778953276.65,11.65,85.24,54.8,1,1,17,person,right,0.39,0.39,1
321,1778953276.73,11.71,84.77,61.1,1,1,17,person,right,0.39,0.4,1
322,1778953276.82,11.74,84.59,56.3,1,1,17,person,right,0.39,0.4,1
323,1778953276.91,11.55,85.97,62.2,2,2,"17,18","person,tv","right,center","0.39,0.21","0.4,0.17",0
324,1778953276.99,11.43,86.83,57.6,2,2,"17,18","person,tv","right,center","0.39,0.21","0.4,0.17",0
325,1778953277.08,11.64,85.27,57.6,1,1,17,person,right,0.39,0.4,1
326,1778953277.17,11.68,84.97,62.2,2,2,"17,18","person,tv","right,center","0.39,0.22","0.4,0.17",0
327,1778953277.25,11.73,84.66,57.6,2,2,"17,18","person,tv","right,center","0.39,0.25","0.4,0.2",0
328,1778953277.34,11.64,85.27,58.8,2,2,"17,18","person,tv","right,center","0.39,0.23","0.4,0.18",0
329,1778953277.42,11.71,84.74,58.8,2,2,"17,18","person,tv","right,center","0.4,0.22","0.4,0.17",0
330,1778953277.51,11.59,85.68,62.2,1,1,17,person,right,0.4,0.4,1
331,1778953277.6,11.72,84.68,58.8,2,2,"17,18","person,tv","right,center","0.4,0.22","0.4,0.17",0
332,1778953277.68,11.67,85.1,57.6,1,1,17,person,right,0.39,0.4,1
333,1778953277.77,11.76,84.38,58.8,2,2,"17,18","person,tv","right,center","0.39,0.21","0.4,0.17",0
334,1778953277.85,11.63,85.37,57.6,2,2,"17,18","person,tv","right,center","0.39,0.22","0.4,0.17",0
335,1778953277.94,11.64,85.33,57.6,1,1,17,person,right,0.39,0.4,1
336,1778953278.03,11.44,86.83,63.2,2,2,"17,18","person,tv","right,center","0.39,0.21","0.4,0.17",0
337,1778953278.11,11.66,85.15,54.8,1,1,17,person,right,0.39,0.4,1
338,1778953278.2,11.73,84.62,57.6,2,2,"17,18","person,tv","right,center","0.39,0.23","0.4,0.18",0
339,1778953278.28,11.65,85.22,54.8,1,1,17,person,right,0.39,0.4,1
340,1778953278.37,11.76,84.37,63.9,1,1,17,person,right,0.39,0.4,1
341,1778953278.46,11.69,84.9,58.8,1,1,17,person,right,0.39,0.4,1
342,1778953278.55,11.13,89.24,65.8,1,1,17,person,right,0.39,0.4,1
343,1778953278.63,11.46,86.5,64.1,1,1,17,person,right,0.39,0.4,1
344,1778953278.72,11.69,84.95,58.8,1,1,17,person,right,0.39,0.4,1
345,1778953278.8,11.66,85.15,56.3,1,1,17,person,right,0.39,0.4,1
346,1778953278.89,11.69,84.88,58.8,1,1,17,person,right,0.39,0.4,1
347,1778953278.98,11.61,85.45,61.8,1,1,17,person,right,0.39,0.4,1
348,1778953279.06,11.58,85.73,60.0,1,1,17,person,right,0.39,0.4,1
349,1778953279.15,11.56,85.92,60.0,1,1,17,person,right,0.39,0.4,0
350,1778953279.24,11.6,85.6,56.3,1,1,17,person,right,0.39,0.4,0
351,1778953279.32,11.66,85.14,58.8,1,1,17,person,right,0.39,0.4,0
352,1778953279.41,11.63,85.37,57.6,2,2,"17,19","person,tv","right,center","0.39,0.22","0.4,0.0",0
353,1778953279.49,11.66,85.14,58.8,2,2,"17,19","person,tv","right,center","0.39,0.23","0.4,0.17",0
354,1778953279.58,11.43,86.86,63.2,2,2,"17,19","person,tv","right,center","0.39,0.23","0.4,0.18",0
355,1778953279.67,11.58,85.75,57.6,1,1,17,person,right,0.39,0.4,1
356,1778953279.76,11.66,85.11,58.8,2,2,"17,20","person,microwave","right,center","0.39,0.24","0.4,0.0",1
357,1778953279.84,11.65,85.25,58.8,2,2,"17,19","person,tv","right,center","0.4,0.23","0.41,0.18",1
358,1778953279.93,11.78,84.29,57.6,1,1,17,person,right,0.39,0.4,2
359,1778953280.01,11.6,85.63,59.4,1,1,17,person,right,0.4,0.4,2
360,1778953280.1,11.79,84.21,58.8,1,1,17,person,right,0.39,0.41,2
361,1778953280.18,11.73,84.64,57.6,2,2,"17,19","person,tv","right,center","0.39,0.26","0.42,0.2",1
362,1778953280.27,11.67,85.06,60.0,2,2,"17,19","person,tv","right,center","0.38,0.21","0.43,0.17",1
363,1778953280.35,11.75,84.49,60.0,1,1,17,person,center,0.38,0.43,2
364,1778953280.44,11.72,84.74,57.6,1,1,17,person,center,0.38,0.45,2
365,1778953280.52,11.86,83.68,60.0,1,1,17,person,center,0.38,0.45,2
366,1778953280.61,11.83,83.9,57.6,1,1,17,person,center,0.38,0.45,2
367,1778953280.7,11.71,84.73,59.4,1,1,17,person,center,0.38,0.45,1
368,1778953280.78,11.69,84.96,59.5,1,1,17,person,center,0.38,0.44,1
369,1778953280.87,11.75,84.48,59.4,1,1,17,person,center,0.38,0.44,1
370,1778953280.95,11.7,84.87,57.6,1,1,17,person,center,0.38,0.45,1
371,1778953281.04,11.61,85.5,63.2,1,1,17,person,center,0.39,0.45,1
372,1778953281.12,11.71,84.77,57.6,1,1,17,person,center,0.39,0.46,1
373,1778953281.21,11.8,84.12,62.2,1,1,17,person,center,0.4,0.48,0
374,1778953281.29,11.75,84.5,58.8,1,1,17,person,center,0.4,0.47,0
375,1778953281.38,11.69,84.9,56.3,2,2,"17,21","person,tv","center,center","0.42,0.22","0.48,0.0",0
376,1778953281.47,11.67,85.07,61.1,2,2,"17,21","person,tv","center,center","0.42,0.22","0.47,0.17",0
377,1778953281.55,11.82,83.97,56.3,2,2,"17,21","person,tv","left,center","0.43,0.22","0.47,0.18",0
378,1778953281.64,11.66,85.14,60.0,2,2,"17,21","person,tv","left,center","0.43,0.22","0.47,0.18",0
379,1778953281.72,11.82,83.99,57.6,1,1,17,person,left,0.43,0.46,1
380,1778953281.81,11.73,84.61,59.4,2,2,"17,21","person,tv","left,center","0.42,0.22","0.44,0.18",0
381,1778953281.89,11.62,85.45,61.1,1,1,17,person,left,0.41,0.43,1
382,1778953281.98,11.63,85.36,53.1,1,1,17,person,left,0.39,0.42,1
383,1778953282.07,11.56,85.89,65.8,1,1,17,person,left,0.39,0.42,1
384,1778953282.15,11.61,85.55,55.9,1,1,17,person,left,0.38,0.41,1
385,1778953282.24,11.64,85.32,60.0,1,1,17,person,left,0.37,0.4,1
386,1778953282.33,11.66,85.13,61.1,1,1,17,person,left,0.37,0.4,1
387,1778953282.41,11.63,85.36,60.0,1,1,17,person,left,0.36,0.39,1
388,1778953282.5,11.64,85.26,61.1,1,1,17,person,left,0.35,0.38,1
389,1778953282.58,11.7,84.84,58.8,2,2,"17,21","person,tv","left,center","0.35,0.22","0.38,0.17",0
390,1778953282.67,11.59,85.65,63.2,1,1,17,person,left,0.34,0.38,1
391,1778953282.76,11.65,85.24,58.8,1,1,17,person,left,0.33,0.38,1
392,1778953282.84,11.76,84.44,64.9,1,1,17,person,left,0.33,0.37,1
393,1778953282.93,11.69,84.87,57.6,2,2,"17,21","person,tv","left,center","0.32,0.22","0.37,0.17",0
394,1778953283.01,11.54,86.04,58.8,2,2,"17,21","person,tv","left,center","0.32,0.21","0.36,0.17",0
395,1778953283.1,11.69,84.94,56.3,1,1,17,person,left,0.31,0.36,1
396,1778953283.19,11.65,85.26,60.0,2,2,"17,21","person,tv","left,center","0.31,0.21","0.36,0.17",0
397,1778953283.27,11.63,85.37,58.8,1,1,17,person,left,0.31,0.37,1
398,1778953283.36,11.64,85.3,62.2,2,2,"17,21","person,tv","left,center","0.31,0.22","0.37,0.18",0
399,1778953283.44,11.63,85.38,54.8,2,2,"17,21","person,tv","left,center","0.32,0.22","0.37,0.18",0
400,1778953283.53,11.7,84.88,61.1,2,2,"17,21","person,tv","left,center","0.32,0.22","0.37,0.18",0
401,1778953283.62,11.14,89.05,64.7,1,1,17,person,left,0.32,0.37,1
402,1778953283.71,11.7,84.83,61.1,2,2,"17,21","person,tv","left,center","0.32,0.22","0.37,0.18",0
403,1778953283.79,11.7,84.88,58.8,1,1,17,person,left,0.32,0.37,1
404,1778953283.88,11.67,85.06,62.2,1,1,17,person,left,0.31,0.37,1
405,1778953283.96,11.65,85.17,58.8,1,1,17,person,left,0.32,0.37,1
406,1778953284.05,11.54,86.05,60.0,2,2,"17,21","person,tv","left,center","0.31,0.22","0.36,0.17",0
407,1778953284.14,11.68,84.99,56.3,1,1,17,person,left,0.31,0.36,1
408,1778953284.22,11.68,84.97,62.2,1,1,17,person,left,0.31,0.36,1
409,1778953284.31,11.86,83.69,57.6,1,1,17,person,left,0.31,0.36,1
410,1778953284.39,11.69,84.91,58.8,1,1,17,person,left,0.31,0.36,1
411,1778953284.48,11.76,84.39,61.8,1,1,17,person,left,0.31,0.36,1
412,1778953284.57,11.47,86.57,58.8,2,2,"17,21","person,tv","left,center","0.31,0.22","0.36,0.17",0
413,1778953284.65,11.72,84.68,58.8,1,1,17,person,left,0.31,0.36,1
414,1778953284.74,11.64,85.3,58.8,1,1,17,person,left,0.31,0.36,1
415,1778953284.82,11.72,84.71,57.6,1,1,17,person,left,0.31,0.36,1
416,1778953284.91,11.6,85.6,58.8,2,2,"17,21","person,tv","left,center","0.31,0.22","0.36,0.17",0
417,1778953285.0,11.57,85.79,60.0,1,1,17,person,left,0.31,0.36,1
418,1778953285.08,11.66,85.15,62.2,2,2,"17,21","person,tv","left,center","0.31,0.22","0.36,0.17",0
419,1778953285.17,11.72,84.66,58.8,1,1,17,person,left,0.31,0.36,1
420,1778953285.25,11.64,85.29,60.0,2,2,"17,21","person,tv","left,center","0.31,0.22","0.36,0.17",0
421,1778953285.34,11.7,84.84,57.6,1,1,17,person,left,0.31,0.36,1
422,1778953285.43,11.63,85.38,58.8,2,2,"17,21","person,tv","left,center","0.31,0.22","0.36,0.17",0
423,1778953285.51,11.72,84.67,58.8,2,2,"17,21","person,tv","left,center","0.31,0.22","0.35,0.17",0
424,1778953285.6,11.66,85.15,58.8,1,1,17,person,left,0.31,0.35,1
425,1778953285.68,11.68,85.03,58.8,1,1,17,person,left,0.31,0.35,1
426,1778953285.77,11.65,85.22,60.0,2,2,"17,21","person,tv","left,center","0.31,0.22","0.35,0.17",0
427,1778953285.85,11.66,85.11,58.8,1,1,17,person,left,0.31,0.35,1
428,1778953285.94,11.63,85.39,61.1,1,1,17,person,left,0.31,0.35,1
429,1778953286.03,11.47,86.55,60.6,1,1,17,person,left,0.31,0.35,1
430,1778953286.11,11.7,84.85,61.1,2,2,"17,21","person,tv","left,center","0.31,0.22","0.35,0.17",0
431,1778953286.2,11.75,84.53,54.8,1,1,17,person,left,0.31,0.35,1
432,1778953286.29,11.59,85.7,60.0,1,1,17,person,left,0.31,0.35,1
433,1778953286.37,11.7,84.85,56.3,1,1,17,person,left,0.31,0.35,1
434,1778953286.46,11.76,84.42,61.1,1,1,17,person,left,0.31,0.35,1
435,1778953286.54,11.67,85.08,57.6,2,2,"17,21","person,tv","left,center","0.31,0.22","0.35,0.17",0
436,1778953286.63,11.61,85.5,60.0,2,2,"17,21","person,tv","left,center","0.31,0.22","0.35,0.17",0
437,1778953286.72,11.68,84.98,58.8,2,2,"17,21","person,tv","left,center","0.31,0.22","0.35,0.17",0
438,1778953286.8,11.43,86.88,63.2,2,2,"17,21","person,tv","left,center","0.31,0.22","0.35,0.17",0
439,1778953286.89,11.58,85.74,62.2,2,2,"17,21","person,tv","left,center","0.31,0.22","0.35,0.17",0
440,1778953286.98,11.62,85.47,58.8,2,2,"17,21","person,tv","left,center","0.31,0.22","0.35,0.17",0
441,1778953287.06,11.45,86.75,61.1,2,2,"17,21","person,tv","left,center","0.31,0.22","0.35,0.17",0
442,1778953287.15,11.57,85.78,61.1,2,2,"17,21","person,tv","left,center","0.31,0.22","0.35,0.17",0
443,1778953287.24,11.69,84.91,54.8,2,2,"17,21","person,tv","left,center","0.31,0.22","0.35,0.17",0
444,1778953287.32,11.65,85.24,58.8,1,1,17,person,left,0.31,0.35,1
445,1778953287.41,11.73,84.62,58.8,2,2,"17,21","person,tv","left,center","0.31,0.22","0.36,0.17",0
446,1778953287.49,11.66,85.14,61.1,2,2,"17,21","person,tv","left,center","0.31,0.22","0.35,0.17",0
447,1778953287.58,11.67,85.09,54.8,2,2,"17,21","person,tv","left,center","0.31,0.22","0.36,0.17",0
448,1778953287.67,11.62,85.44,62.2,2,2,"17,21","person,tv","left,center","0.31,0.22","0.36,0.17",0
449,1778953287.75,11.68,85.02,56.2,2,2,"17,21","person,tv","left,center","0.31,0.22","0.35,0.17",0
450,1778953287.84,11.68,85.03,63.2,2,2,"17,21","person,tv","left,center","0.31,0.21","0.36,0.17",0
451,1778953287.92,11.63,85.34,57.6,2,2,"17,21","person,tv","left,center","0.31,0.22","0.35,0.17",0
452,1778953288.01,11.53,86.13,62.2,2,2,"17,21","person,tv","left,center","0.31,0.22","0.36,0.17",0
453,1778953288.1,11.54,86.01,60.0,2,2,"17,21","person,tv","left,center","0.31,0.22","0.36,0.17",0
454,1778953288.18,11.69,84.93,57.6,2,2,"17,21","person,tv","left,center","0.31,0.22","0.36,0.17",0
455,1778953288.27,11.68,84.99,62.2,2,2,"17,21","person,tv","left,center","0.31,0.22","0.35,0.17",0
456,1778953288.36,11.68,84.99,60.6,2,2,"17,21","person,tv","left,center","0.3,0.22","0.35,0.17",0
457,1778953288.44,11.6,85.58,62.2,2,2,"17,21","person,tv","left,center","0.3,0.22","0.35,0.17",0
458,1778953288.53,11.67,85.11,57.6,2,2,"17,21","person,tv","left,center","0.31,0.22","0.36,0.17",0
459,1778953288.62,11.09,89.53,65.8,2,2,"17,21","person,tv","left,center","0.3,0.22","0.36,0.17",0
460,1778953288.7,11.88,83.55,58.1,2,2,"17,21","person,tv","left,center","0.3,0.22","0.36,0.17",0
461,1778953288.79,11.73,84.53,58.8,1,1,17,person,left,0.3,0.36,1
462,1778953288.87,11.72,84.7,62.2,2,2,"17,21","person,tv","left,center","0.3,0.22","0.36,0.17",0
463,1778953288.96,11.71,84.79,57.6,1,1,17,person,left,0.3,0.36,1
464,1778953289.05,11.54,86.08,63.2,2,2,"17,21","person,tv","left,center","0.3,0.22","0.36,0.18",0
465,1778953289.13,11.83,83.93,56.3,2,2,"17,21","person,tv","left,center","0.29,0.22","0.35,0.18",0
466,1778953289.22,11.72,84.68,56.3,2,2,"17,21","person,tv","left,center","0.29,0.22","0.35,0.18",0
467,1778953289.3,11.71,84.75,57.6,2,2,"17,21","person,tv","left,center","0.29,0.22","0.35,0.18",0
468,1778953289.39,11.76,84.45,57.6,2,2,"17,21","person,tv","left,center","0.29,0.22","0.36,0.18",0
469,1778953289.47,11.71,84.81,63.9,1,1,17,person,left,0.29,0.36,1
470,1778953289.56,11.63,85.34,57.6,1,1,17,person,left,0.29,0.36,1
471,1778953289.65,11.68,84.87,61.1,1,1,17,person,left,0.29,0.36,1
472,1778953289.73,11.79,84.17,56.2,1,1,17,person,left,0.29,0.36,1
473,1778953289.82,11.79,84.22,53.3,1,1,17,person,left,0.29,0.37,1
474,1778953289.9,11.66,85.16,61.1,1,1,17,person,center,0.3,0.38,1
475,1778953289.99,11.63,85.33,62.9,1,1,17,person,center,0.31,0.39,1
476,1778953290.07,11.56,85.92,60.0,1,1,17,person,center,0.32,0.4,1
477,1778953290.16,11.76,84.39,57.6,1,1,17,person,center,0.33,0.4,1
478,1778953290.25,11.66,85.17,61.1,1,1,17,person,center,0.35,0.42,1
479,1778953290.33,11.72,84.69,57.6,1,1,17,person,center,0.35,0.41,0
480,1778953290.42,11.64,85.27,61.1,1,1,17,person,center,0.35,0.42,0
481,1778953290.5,11.74,84.55,57.6,1,1,17,person,center,0.36,0.42,0
482,1778953290.59,11.66,85.12,61.1,1,1,17,person,center,0.36,0.42,0
483,1778953290.67,11.73,84.62,57.6,1,1,17,person,center,0.36,0.42,0
484,1778953290.76,11.77,84.36,60.6,1,1,17,person,center,0.36,0.43,0
485,1778953290.85,11.7,84.82,61.1,1,1,17,person,center,0.35,0.44,0
486,1778953290.93,11.74,84.54,57.6,1,1,17,person,center,0.37,0.48,0
487,1778953291.02,11.57,85.84,58.8,1,1,17,person,center,0.37,0.47,0
488,1778953291.1,11.73,84.61,61.1,1,1,17,person,right,0.38,0.47,0
489,1778953291.19,11.69,84.95,63.2,1,1,17,person,right,0.39,0.47,0
490,1778953291.27,11.65,85.17,58.8,1,1,17,person,right,0.4,0.47,0
491,1778953291.36,11.77,84.33,54.8,1,1,17,person,right,0.41,0.46,0
492,1778953291.45,11.66,85.14,62.9,1,1,17,person,right,0.42,0.48,0
493,1778953291.53,11.76,84.4,57.6,1,1,17,person,right,0.42,0.47,0
494,1778953291.62,11.7,84.85,62.2,1,1,17,person,right,0.44,0.48,0
495,1778953291.7,11.74,84.56,60.0,1,1,17,person,right,0.45,0.47,0
496,1778953291.79,11.77,84.37,56.3,2,2,"17,22","person,tv","right,center","0.46,0.23","0.47,0.0",0
497,1778953291.87,11.6,85.57,62.2,2,2,"17,22","person,tv","right,center","0.48,0.22","0.48,0.17",0
498,1778953291.96,11.77,84.34,57.6,1,1,17,person,right,0.51,0.5,1
499,1778953292.05,11.52,86.23,61.1,1,1,17,person,right,0.55,0.52,1
500,1778953292.13,11.76,84.39,56.3,1,1,17,person,right,0.57,0.53,1
501,1778953292.22,11.64,85.33,61.1,1,1,17,person,right,0.58,0.53,1
502,1778953292.3,11.72,84.73,59.4,1,1,17,person,right,0.58,0.52,1
503,1778953292.39,11.84,83.88,60.0,0,0,,,,,,2
504,1778953292.47,11.68,84.99,61.1,1,1,23,person,center,0.34,0.0,2
505,1778953292.56,11.74,84.55,56.3,1,1,17,person,right,0.34,0.39,2
506,1778953292.65,11.67,85.08,62.2,1,1,17,person,right,0.32,0.42,2
507,1778953292.73,11.7,84.83,60.0,1,1,17,person,right,0.31,0.41,2
508,1778953292.82,11.63,85.39,62.2,1,1,17,person,right,0.28,0.4,1
509,1778953292.9,11.78,84.26,57.6,0,0,,,,,,2
510,1778953292.99,11.73,84.62,56.3,0,0,,,,,,2
511,1778953293.07,11.68,85.03,62.9,0,0,,,,,,2
512,1778953293.16,11.78,84.28,56.3,0,0,,,,,,2
513,1778953293.24,11.7,84.83,61.1,0,0,,,,,,2
514,1778953293.33,11.68,84.98,58.8,1,1,24,microwave,center,0.22,0.0,2
515,1778953293.42,11.71,84.78,57.6,1,1,24,microwave,center,0.22,0.17,1
516,1778953293.5,11.68,85.02,60.0,0,0,,,,,,2
517,1778953293.59,11.06,89.79,64.7,0,0,,,,,,2
518,1778953293.68,11.71,84.78,60.0,0,0,,,,,,2
519,1778953293.76,11.75,84.48,56.3,0,0,,,,,,1
520,1778953293.85,11.7,84.85,61.1,0,0,,,,,,1
521,1778953293.93,11.75,84.47,57.6,0,0,,,,,,1
522,1778953294.02,11.51,86.25,61.1,0,0,,,,,,1
523,1778953294.11,11.59,85.68,57.6,0,0,,,,,,1
524,1778953294.19,11.74,84.55,57.6,0,0,,,,,,1
525,1778953294.28,11.69,84.9,58.1,0,0,,,,,,1
526,1778953294.37,11.71,84.79,62.2,0,0,,,,,,0
527,1778953294.45,11.78,84.26,56.3,0,0,,,,,,0
528,1778953294.54,11.76,84.41,57.6,0,0,,,,,,0
529,1778953294.62,11.56,85.87,63.2,0,0,,,,,,0
530,1778953294.71,11.74,84.56,54.8,0,0,,,,,,0
531,1778953294.79,11.67,85.06,61.8,0,0,,,,,,0
532,1778953294.88,11.64,85.32,58.8,0,0,,,,,,0
533,1778953294.97,11.69,84.9,58.8,0,0,,,,,,0
534,1778953295.05,11.56,85.92,58.8,1,1,25,microwave,center,0.22,0.0,0
535,1778953295.14,11.64,85.28,60.0,0,0,,,,,,1
536,1778953295.22,11.82,83.99,57.6,0,0,,,,,,1
537,1778953295.31,11.88,83.56,58.8,0,0,,,,,,1
538,1778953295.39,11.74,84.53,62.9,0,0,,,,,,1
539,1778953295.48,11.68,85.02,60.0,0,0,,,,,,1
540,1778953295.57,11.71,84.78,63.2,0,0,,,,,,1
541,1778953295.65,11.73,84.55,60.0,0,0,,,,,,1
542,1778953295.74,11.75,84.49,56.3,0,0,,,,,,1
543,1778953295.82,11.71,84.78,62.2,0,0,,,,,,1
544,1778953295.91,11.68,85.01,58.8,0,0,,,,,,1
545,1778953295.99,11.48,86.49,63.2,0,0,,,,,,0
546,1778953296.08,11.65,85.26,62.9,0,0,,,,,,0
547,1778953296.17,11.75,84.45,60.0,0,0,,,,,,0
548,1778953296.25,11.68,84.96,57.6,0,0,,,,,,0
549,1778953296.34,11.73,84.62,60.0,0,0,,,,,,0
550,1778953296.42,11.7,84.82,56.3,1,1,26,microwave,center,0.23,0.0,0
551,1778953296.51,11.69,84.94,61.1,0,0,,,,,,1
552,1778953296.59,11.74,84.5,58.8,0,0,,,,,,1
553,1778953296.68,11.76,84.44,56.2,0,0,,,,,,1
554,1778953296.77,11.73,84.63,58.8,0,0,,,,,,1
555,1778953296.85,11.73,84.65,59.4,0,0,,,,,,1
556,1778953296.94,11.67,85.06,61.1,0,0,,,,,,1
557,1778953297.02,11.57,85.78,60.0,1,1,26,microwave,center,0.23,0.18,0
558,1778953297.11,11.65,85.23,61.1,0,0,,,,,,1
559,1778953297.21,10.13,98.09,61.5,0,0,,,,,,1
560,1778953297.29,11.69,84.85,57.6,1,1,26,microwave,center,0.24,0.18,0
561,1778953297.38,11.67,85.04,57.6,1,1,26,microwave,center,0.24,0.18,0
562,1778953297.47,11.67,85.05,58.8,1,1,27,tv,center,0.22,0.0,1
563,1778953297.55,11.72,84.73,56.3,0,0,,,,,,2
564,1778953297.64,11.66,85.13,58.8,0,0,,,,,,2
565,1778953297.72,11.73,84.64,56.2,0,0,,,,,,2
566,1778953297.81,11.73,84.66,61.1,0,0,,,,,,2
567,1778953297.89,11.73,84.6,60.6,0,0,,,,,,2
568,1778953297.98,11.69,84.91,54.8,0,0,,,,,,2
569,1778953298.07,11.65,85.19,57.6,0,0,,,,,,2
570,1778953298.15,11.7,84.85,56.3,1,1,27,tv,center,0.22,0.17,1
571,1778953298.24,11.62,85.45,60.0,1,1,27,tv,center,0.22,0.17,1
572,1778953298.32,11.75,84.51,56.3,0,0,,,,,,1
573,1778953298.41,11.75,84.49,62.2,0,0,,,,,,1
574,1778953298.49,11.72,84.74,61.1,0,0,,,,,,1
575,1778953298.6,9.51,104.56,57.9,1,1,28,person,right,0.18,0.0,1
576,1778953298.69,11.56,85.83,61.1,0,0,,,,,,2
577,1778953298.77,11.67,85.07,58.8,0,0,,,,,,2
578,1778953298.86,11.74,84.59,58.1,0,0,,,,,,2
579,1778953298.94,11.67,85.06,51.7,0,0,,,,,,2
580,1778953299.03,11.52,86.2,61.1,0,0,,,,,,2
581,1778953299.12,11.65,85.21,61.1,0,0,,,,,,2
582,1778953299.2,11.73,84.63,56.3,0,0,,,,,,1
583,1778953299.29,11.79,84.19,56.3,0,0,,,,,,1
584,1778953299.37,11.67,85.05,58.8,0,0,,,,,,1
585,1778953299.46,11.74,84.53,58.8,0,0,,,,,,1
586,1778953299.54,11.72,84.67,60.0,0,0,,,,,,0
587,1778953299.63,11.55,86.0,59.4,0,0,,,,,,0
588,1778953299.72,11.81,84.04,60.0,0,0,,,,,,0
589,1778953299.8,11.69,84.93,58.8,0,0,,,,,,0
590,1778953299.89,11.78,84.28,57.6,0,0,,,,,,0
591,1778953299.97,11.73,84.66,61.1,0,0,,,,,,0
592,1778953300.06,11.64,85.25,60.6,0,0,,,,,,0
593,1778953300.14,11.69,84.91,60.0,0,0,,,,,,0
594,1778953300.23,11.74,84.55,58.8,0,0,,,,,,0
595,1778953300.32,11.75,84.5,53.3,0,0,,,,,,0
596,1778953300.4,11.71,84.78,60.0,0,0,,,,,,0
597,1778953300.49,11.7,84.82,56.3,0,0,,,,,,0
598,1778953300.57,11.69,84.9,60.0,1,1,29,person,right,0.17,0.0,0
599,1778953300.66,11.61,85.53,57.6,1,1,29,person,right,0.18,0.3,0
600,1778953300.74,11.71,84.81,62.2,1,1,29,person,right,0.19,0.3,0
601,1778953300.83,11.73,84.54,61.8,1,1,29,person,right,0.19,0.31,0
602,1778953300.92,11.72,84.71,58.8,1,1,29,person,right,0.2,0.31,0
603,1778953301.0,11.37,87.39,63.2,1,1,29,person,right,0.21,0.32,0
604,1778953301.09,11.68,84.99,61.1,1,1,29,person,right,0.21,0.33,0
605,1778953301.18,11.67,85.05,57.6,1,1,29,person,right,0.22,0.33,0
606,1778953301.26,11.73,84.67,60.0,1,1,29,person,right,0.23,0.33,0
607,1778953301.35,11.7,84.84,57.6,2,2,"29,30","person,person","right,right","0.52,0.23","0.63,0.0",0
608,1778953301.43,11.74,84.55,62.2,1,1,29,person,right,0.53,0.54,1
609,1778953301.52,11.64,85.33,57.6,1,1,29,person,right,0.55,0.53,1
610,1778953301.6,11.8,84.14,57.6,1,1,29,person,right,0.55,0.51,1
611,1778953301.69,11.67,85.08,61.1,1,1,29,person,right,0.57,0.52,1
612,1778953301.78,11.65,85.19,57.6,1,1,29,person,right,0.57,0.51,1
613,1778953301.86,11.7,84.87,61.1,1,1,29,person,right,0.57,0.51,1
614,1778953301.95,11.88,83.56,59.4,1,1,29,person,right,0.57,0.51,1
615,1778953302.03,11.6,85.63,58.8,1,1,29,person,right,0.58,0.5,1
616,1778953302.12,11.71,84.79,58.8,1,1,29,person,right,0.58,0.51,1
617,1778953302.2,11.65,85.25,54.8,1,1,29,person,right,0.58,0.51,1
618,1778953302.29,11.57,85.84,60.0,1,1,29,person,right,0.59,0.52,0
619,1778953302.38,11.72,84.72,58.8,1,1,29,person,right,0.59,0.52,0
620,1778953302.46,11.62,85.45,57.6,1,1,29,person,right,0.59,0.52,0
621,1778953302.55,11.69,84.95,53.3,1,1,29,person,right,0.59,0.52,0
622,1778953302.63,11.63,85.4,60.0,1,1,29,person,right,0.58,0.52,0
623,1778953302.72,11.7,84.86,58.8,1,1,29,person,right,0.57,0.51,0
624,1778953302.81,11.68,84.99,58.8,1,1,29,person,right,0.56,0.52,0
625,1778953302.89,11.61,85.55,53.3,1,1,29,person,right,0.54,0.52,0
626,1778953302.98,11.65,85.22,57.6,2,2,"29,31","person,microwave","right,center","0.53,0.52","0.52,0.0",0
627,1778953303.07,11.61,85.51,62.2,1,1,29,person,right,0.52,0.51,1
628,1778953303.15,11.62,85.4,54.8,1,1,29,person,right,0.51,0.5,1
629,1778953303.24,11.7,84.85,63.2,1,1,29,person,right,0.5,0.49,1
630,1778953303.32,11.63,85.37,54.8,1,1,29,person,right,0.5,0.48,1
631,1778953303.41,11.64,85.28,61.1,1,1,29,person,right,0.5,0.47,1
632,1778953303.5,11.63,85.36,57.6,1,1,29,person,right,0.5,0.46,1
633,1778953303.6,9.72,102.24,65.9,1,1,29,person,right,0.5,0.45,1
634,1778953303.68,11.64,85.31,57.6,1,1,29,person,right,0.5,0.45,1
635,1778953303.77,11.7,84.9,57.6,1,1,29,person,right,0.5,0.45,1
636,1778953303.86,11.75,84.53,54.8,1,1,29,person,right,0.5,0.45,1
637,1778953303.94,11.59,85.71,57.6,1,1,29,person,right,0.5,0.45,0
638,1778953304.03,11.42,86.98,56.3,1,1,29,person,right,0.5,0.45,0
639,1778953304.12,11.82,84.04,56.3,1,1,29,person,right,0.5,0.45,0
640,1778953304.2,11.72,84.76,61.1,1,1,29,person,right,0.5,0.45,0
641,1778953304.29,11.68,84.99,57.6,1,1,29,person,right,0.5,0.45,0
642,1778953304.37,11.8,84.14,58.1,1,1,29,person,right,0.5,0.45,0
643,1778953304.46,11.66,85.18,62.2,1,1,29,person,right,0.5,0.45,0
644,1778953304.54,11.76,84.4,56.3,1,1,29,person,right,0.5,0.45,0
645,1778953304.63,11.61,85.5,63.2,1,1,29,person,right,0.5,0.45,0
646,1778953304.71,11.74,84.55,57.6,1,1,29,person,right,0.5,0.45,0
647,1778953304.8,11.71,84.82,57.6,1,1,29,person,right,0.5,0.45,0
648,1778953304.89,11.62,85.48,56.3,1,1,29,person,right,0.5,0.45,0
649,1778953304.97,11.74,84.57,56.3,1,1,29,person,right,0.5,0.45,0
650,1778953305.06,11.57,85.8,57.6,1,1,29,person,right,0.5,0.45,0
651,1778953305.14,11.72,84.76,60.6,1,1,29,person,right,0.5,0.45,0
652,1778953305.23,11.64,85.27,54.5,1,1,29,person,right,0.5,0.45,0
653,1778953305.32,11.71,84.8,58.1,1,1,29,person,right,0.5,0.45,0
654,1778953305.4,11.59,85.64,57.1,2,2,"29,32","person,microwave","right,center","0.51,0.51","0.46,0.0",0
655,1778953305.49,11.75,84.53,58.1,1,1,29,person,right,0.51,0.46,1
656,1778953305.57,11.61,85.48,57.1,2,2,"29,32","person,microwave","right,center","0.51,0.51","0.46,0.32",0
657,1778953305.66,11.67,85.08,58.1,2,2,"29,32","person,microwave","right,center","0.51,0.51","0.46,0.32",0
658,1778953305.75,11.65,85.24,60.0,2,2,"29,32","person,microwave","right,center","0.52,0.51","0.46,0.32",0
659,1778953305.83,11.74,84.6,54.8,2,2,"29,32","person,microwave","right,center","0.52,0.52","0.46,0.32",0
660,1778953305.92,11.59,85.71,63.2,1,1,29,person,right,0.52,0.46,1
661,1778953306.01,11.48,86.53,58.8,1,1,29,person,right,0.52,0.46,1
662,1778953306.09,11.56,85.9,56.3,1,1,29,person,right,0.51,0.46,1
663,1778953306.18,11.67,85.07,60.0,2,2,"29,32","person,microwave","right,center","0.52,0.51","0.46,0.32",0
664,1778953306.26,11.64,85.26,54.8,2,2,"29,32","person,microwave","right,center","0.51,0.52","0.46,0.32",0
665,1778953306.35,11.81,84.11,61.1,1,1,29,person,right,0.51,0.45,1
666,1778953306.44,11.71,84.78,60.0,1,1,29,person,right,0.51,0.46,1
667,1778953306.52,11.7,84.85,60.0,1,1,29,person,center,0.51,0.48,1
668,1778953306.61,11.64,85.23,56.3,3,3,"29,33,34","person,person,person","center,center,right","0.52,0.24,0.5","0.49,0.0,0.0",1
669,1778953306.69,11.7,84.87,61.1,2,2,"29,33","person,person","center,center","0.51,0.25","0.5,0.35",2
670,1778953306.78,11.68,85.0,58.8,1,1,29,person,center,0.52,0.52,3
671,1778953306.86,11.68,85.02,60.0,1,1,29,person,center,0.52,0.53,3
672,1778953306.95,11.65,85.19,57.6,1,1,29,person,center,0.53,0.54,3
673,1778953307.04,11.41,87.09,61.1,1,1,29,person,center,0.53,0.54,3
674,1778953307.12,11.65,85.19,57.6,1,1,29,person,center,0.53,0.54,3
675,1778953307.21,11.68,85.02,57.6,1,1,29,person,center,0.53,0.52,2
676,1778953307.3,11.7,84.88,56.3,1,1,29,person,center,0.52,0.51,2
677,1778953307.38,11.68,85.06,61.1,1,1,29,person,center,0.52,0.5,2
678,1778953307.47,11.7,84.87,57.6,1,1,29,person,center,0.5,0.49,2
679,1778953307.55,11.57,85.9,63.2,1,1,29,person,center,0.5,0.48,1
680,1778953307.64,11.71,84.81,54.8,1,1,29,person,center,0.49,0.48,0
681,1778953307.73,11.52,86.26,57.6,1,1,29,person,center,0.47,0.47,0
682,1778953307.81,11.68,84.99,61.1,1,1,29,person,left,0.46,0.47,0
